,player,innings,runs,balls,dismissals,dots,ones,twos,threes,fours,sixes,highest,30s,50s,100s,strike rate,runs per innings,balls Per dismissal,balls per boundary,dot%,bowling_innings,balls_bowled,runs_conceded,wickets_taken,dots_bowled,bowling_dot%
0,A Ashish Reddy,23,280,196,15,61,83,20,1,16,15,36,2,0,0,142.86,12.17,13.07,6.32,31.12,20,270,400,18,79,29.26
1,A Badoni,11,161,139,8,57,53,11,0,11,7,54,1,1,0,115.83,14.64,17.38,7.72,41.01,2,12,12,2,3,25.0
2,A Chopra,6,53,75,5,45,21,2,0,7,0,24,0,0,0,70.67,8.83,15.0,10.71,60.0,0,0,0,0,0,0.0
3,A Choudhary,3,25,20,1,4,13,1,0,1,1,15,0,0,0,125.0,8.33,20.0,10.0,20.0,5,108,144,5,42,38.89
4,A Flintoff,3,62,57,2,24,23,2,1,5,2,24,0,0,0,108.77,20.67,28.5,8.14,42.11,3,66,106,2,20,30.3
5,A Kumble,15,35,49,2,24,21,1,0,3,0,8,0,0,0,71.43,2.33,24.5,16.33,48.98,42,983,1089,45,374,38.05
6,A Manohar,7,108,79,6,30,30,2,0,14,3,43,2,0,0,136.71,15.43,13.17,4.65,37.97,0,0,0,0,0,0.0
7,A Mishra,54,362,410,27,182,172,22,0,29,5,31,2,0,0,88.29,6.7,15.19,12.06,44.39,154,3317,4022,166,1150,34.67
8,A Mithun,6,34,26,5,11,8,2,0,4,1,11,0,0,0,130.77,5.67,5.2,5.2,42.31,16,312,477,7,90,28.85
9,A Mukund,2,19,23,2,9,11,2,0,1,0,19,0,0,0,82.61,9.5,11.5,23.0,39.13,0,0,0,0,0,0.0
10,A Nehra,17,41,63,6,37,21,1,0,3,1,22,0,0,0,65.08,2.41,10.5,15.75,58.73,88,1974,2537,106,798,40.43
11,A Nortje,4,8,13,1,9,2,0,2,0,0,3,0,0,0,61.54,2.0,13.0,13.0,69.23,30,706,946,43,275,38.95
12,A Singh,5,2,10,4,8,2,0,0,0,0,1,0,0,0,20.0,0.4,2.5,10.0,80.0,23,486,639,28,189,38.89
13,A Symonds,36,974,781,24,308,288,66,4,74,41,117,14,6,1,124.71,27.06,32.54,6.79,39.44,30,540,694,20,190,35.19
14,A Tomar,1,4,8,1,7,0,0,0,1,0,4,0,0,0,50.0,4.0,8.0,8.0,87.5,0,0,0,0,0,0.0
15,A Uniyal,2,4,7,1,3,4,0,0,0,0,4,0,0,0,57.14,2.0,7.0,7.0,42.86,2,38,67,2,8,21.05
16,A Zampa,2,5,8,2,6,1,0,0,1,0,5,0,0,0,62.5,2.5,4.0,8.0,75.0,14,292,373,21,90,30.82
17,AA Bilakhia,7,69,88,5,43,31,9,0,5,0,22,0,0,0,78.41,9.86,17.6,17.6,48.86,0,0,0,0,0,0.0
18,AA Chavan,3,12,11,1,5,4,0,0,2,0,7,0,0,0,109.09,4.0,11.0,5.5,45.45,13,255,339,8,100,39.22
19,AA Jhunjhunwala,15,217,218,12,98,82,13,1,19,5,53,2,1,0,99.54,14.47,18.17,9.08,44.95,10,88,130,1,27,30.68
20,AA Noffke,1,9,12,1,6,5,0,0,1,0,9,0,0,0,75.0,9.0,12.0,12.0,50.0,1,25,41,1,6,24.0
21,AB Agarkar,18,179,160,8,60,67,15,0,13,5,39,1,0,0,111.87,9.94,20.0,8.89,37.5,42,820,1174,29,254,30.98
22,AB Barath,3,42,43,2,22,14,1,0,5,1,33,1,0,0,97.67,14.0,21.5,7.17,51.16,0,0,0,0,0,0.0
23,AB Dinda,16,26,50,9,31,16,1,0,2,0,7,0,0,0,52.0,1.62,5.56,25.0,62.0,75,1589,2103,69,627,39.46
24,AB McDonald,9,123,103,5,38,42,9,1,9,4,33,2,0,0,119.42,13.67,20.6,7.92,36.89,10,188,263,11,50,26.6
25,AB de Villiers,170,5162,3479,122,1113,1417,268,17,413,251,133,66,43,3,148.38,30.36,28.52,5.24,31.99,0,0,0,0,0,0.0
26,AC Blizzard,7,120,91,7,48,17,2,1,21,2,51,2,1,0,131.87,17.14,13.0,3.96,52.75,0,0,0,0,0,0.0
27,AC Gilchrist,80,2069,1555,75,737,417,66,4,239,92,109,26,13,2,133.05,25.86,20.73,4.7,47.4,1,1,0,1,1,100.0
28,AC Thomas,4,20,19,2,8,8,1,0,1,1,12,0,0,0,105.26,5.0,9.5,9.5,42.11,15,327,416,14,126,38.53
29,AC Voges,7,181,143,4,44,61,18,2,15,3,45,2,0,0,126.57,25.86,35.75,7.94,30.77,7,56,76,0,15,26.79
30,AD Hales,6,148,119,6,48,44,8,0,13,6,45,3,0,0,124.37,24.67,19.83,6.26,40.34,0,0,0,0,0,0.0
31,AD Mascarenhas,11,79,79,9,29,35,9,0,5,1,27,0,0,0,100.0,7.18,8.78,13.17,36.71,13,310,365,19,124,40.0
32,AD Mathews,41,724,599,28,207,267,49,3,44,29,65,8,1,0,120.87,17.66,21.39,8.21,34.56,44,807,1095,27,224,27.76
33,AD Nath,10,90,99,10,45,40,5,0,7,2,24,0,0,0,90.91,9.0,9.9,11.0,45.45,0,0,0,0,0,0.0
34,AD Russell,81,2035,1209,64,507,343,47,0,137,175,88,31,10,0,168.32,25.12,18.89,3.88,41.94,89,1484,2214,89,493,33.22
35,AF Milne,6,23,31,4,15,13,2,0,0,1,15,0,0,0,74.19,3.83,7.75,31.0,48.39,10,217,339,7,69,31.8
36,AG Murtaza,3,10,14,1,7,6,0,0,1,0,5,0,0,0,71.43,3.33,14.0,14.0,50.0,12,269,322,9,101,37.55
37,AG Paunikar,5,49,61,5,41,9,2,0,9,0,20,0,0,0,80.33,9.8,12.2,6.78,67.21,0,0,0,0,0,0.0
38,AJ Finch,90,2091,1692,82,746,545,105,4,214,78,88,27,15,0,123.58,23.23,20.63,5.79,44.09,5,44,67,1,13,29.55
39,AJ Turner,4,3,11,3,8,3,0,0,0,0,3,0,0,0,27.27,0.75,3.67,11.0,72.73,0,0,0,0,0,0.0
40,AJ Tye,13,91,79,8,39,22,6,1,6,5,25,0,0,0,115.19,7.0,9.88,7.18,49.37,30,714,1005,42,208,29.13
41,AK Markram,18,527,400,13,122,195,23,0,37,23,68,7,3,0,131.75,29.28,30.77,6.67,30.5,6,61,87,1,17,27.87
42,AL Menaria,23,401,367,21,152,149,24,0,24,18,40,5,0,0,109.26,17.43,17.48,8.74,41.42,12,113,144,3,40,35.4
43,AM Nayar,50,672,588,36,234,230,47,1,55,20,45,6,0,0,114.29,13.44,16.33,7.84,39.8,19,239,323,9,69,28.87
44,AM Rahane,148,4074,3465,127,1341,1371,227,15,431,80,105,57,30,2,117.58,27.53,27.28,6.78,38.7,1,6,5,1,2,33.33
45,AN Ahmed,6,36,27,1,11,8,3,0,4,1,18,0,0,0,133.33,6.0,27.0,5.4,40.74,17,362,515,12,120,33.15
46,AN Ghosh,2,7,8,2,5,1,1,0,1,0,7,0,0,0,87.5,3.5,4.0,8.0,62.5,0,0,0,0,0,0.0
47,AP Dole,2,34,23,2,7,8,4,0,3,1,30,1,0,0,147.83,17.0,11.5,5.75,30.43,3,73,114,5,20,27.4
48,AP Majumdar,4,87,77,4,28,33,7,0,7,2,31,2,0,0,112.99,21.75,19.25,8.56,36.36,0,0,0,0,0,0.0
49,AP Tare,27,339,285,24,142,72,19,1,40,11,59,2,1,0,118.95,12.56,11.88,5.59,49.82,0,0,0,0,0,0.0
50,AR Patel,87,1135,919,56,321,411,66,0,67,54,44,10,0,0,123.5,13.05,16.41,7.6,34.93,121,2593,3133,101,840,32.39
51,AS Joseph,4,20,20,1,8,8,2,0,2,0,15,0,0,0,100.0,5.0,20.0,10.0,40.0,12,240,358,13,90,37.5
52,AS Rajpoot,7,26,41,4,27,10,1,0,2,1,8,0,0,0,63.41,3.71,10.25,13.67,65.85,29,567,844,24,192,33.86
53,AS Raut,16,194,172,9,67,73,9,3,13,7,36,2,0,0,112.79,12.12,19.11,8.6,38.95,5,30,45,0,6,20.0
54,AS Roy,1,0,2,1,2,0,0,0,0,0,0,0,0,0,0.0,0.0,2.0,2.0,100.0,3,57,66,2,15,26.32
55,AS Yadav,6,49,40,5,18,13,2,0,5,2,16,0,0,0,122.5,8.17,8.0,5.71,45.0,0,0,0,0,0,0.0
56,AT Carey,3,32,29,2,8,14,6,0,0,1,14,0,0,0,110.34,10.67,14.5,29.0,27.59,0,0,0,0,0,0.0
57,AT Rayudu,173,4190,3375,138,1236,1443,182,1,349,164,100,60,23,1,124.15,24.22,24.46,6.58,36.62,0,0,0,0,0,0.0
58,AUK Pathan,7,39,26,5,14,3,2,0,5,2,14,0,0,0,150.0,5.57,5.2,3.71,53.85,3,41,63,0,9,21.95
59,Abdul Samad,19,226,162,16,56,66,14,0,12,14,33,1,0,0,139.51,11.89,10.12,6.23,34.57,5,55,113,2,11,20.0
60,Abhishek Sharma,34,667,511,28,201,182,38,1,64,25,75,11,2,0,130.53,19.62,18.25,5.74,39.33,17,161,218,7,37,22.98
61,Akash Deep,1,0,2,1,2,0,0,0,0,0,0,0,0,0,0.0,0.0,2.0,2.0,100.0,5,119,206,5,39,32.77
62,Aman Hakim Khan,1,5,3,1,1,1,0,0,1,0,5,0,0,0,166.67,5.0,3.0,3.0,33.33,1,6,13,0,1,16.67
63,Anirudh Singh,4,63,69,4,34,23,5,0,6,1,40,1,0,0,91.3,15.75,17.25,9.86,49.28,0,0,0,0,0,0.0
64,Ankit Sharma,10,87,69,7,29,23,6,0,7,4,30,1,0,0,126.09,8.7,9.86,6.27,42.03,21,375,453,12,137,36.53
65,Ankit Soni,3,7,9,2,7,1,0,0,0,1,7,0,0,0,77.78,2.33,4.5,9.0,77.78,6,112,145,2,37,33.04
66,Anmolpreet Singh,3,29,27,3,14,7,2,0,3,1,16,0,0,0,107.41,9.67,9.0,6.75,51.85,0,0,0,0,0,0.0
67,Anuj Rawat,9,129,124,8,66,36,4,1,10,7,66,1,1,0,104.03,14.33,15.5,7.29,53.23,0,0,0,0,0,0.0
68,Anureet Singh,8,36,47,4,22,22,0,0,2,1,15,0,0,0,76.6,4.5,11.75,15.67,46.81,22,430,636,18,139,32.33
69,Arshdeep Singh,9,23,36,4,25,6,1,1,3,0,10,0,0,0,63.89,2.56,9.0,12.0,69.44,37,803,1086,40,254,31.63
70,Avesh Khan,6,31,19,1,9,5,0,0,2,3,12,0,0,0,163.16,5.17,19.0,3.8,47.37,38,868,1190,48,336,38.71
71,Azhar Mahmood,21,388,311,19,124,116,19,0,39,13,80,5,2,0,124.76,18.48,16.37,5.98,39.87,23,552,707,29,199,36.05
72,B Akhil,11,76,57,5,26,16,5,0,5,5,27,0,0,0,133.33,6.91,11.4,5.7,45.61,13,193,246,6,60,31.09
73,B Chipli,21,280,256,15,110,100,7,4,28,7,61,2,1,0,109.38,13.33,17.07,7.31,42.97,1,6,20,0,1,16.67
74,B Indrajith,3,21,31,3,18,9,2,0,2,0,15,0,0,0,67.74,7.0,10.33,15.5,58.06,0,0,0,0,0,0.0
75,B Kumar,55,241,259,26,117,101,15,0,23,3,24,0,0,0,93.05,4.38,9.96,9.96,45.17,146,3384,4064,154,1385,40.93
76,B Laughlin,4,5,13,2,8,5,0,0,0,0,4,0,0,0,38.46,1.25,6.5,13.0,61.54,9,179,284,10,42,23.46
77,B Lee,19,124,102,9,46,36,4,0,8,8,25,0,0,0,121.57,6.53,11.33,6.38,45.1,38,916,1126,25,374,40.83
78,B Sai Sudharsan,5,145,118,4,39,53,9,0,14,3,65,2,1,0,122.88,29.0,29.5,6.94,33.05,0,0,0,0,0,0.0
79,B Sumanth,4,35,38,1,15,17,3,0,3,0,16,0,0,0,92.11,8.75,38.0,12.67,39.47,0,0,0,0,0,0.0
80,BA Stokes,41,920,703,36,247,283,59,2,79,32,107,11,4,2,130.87,22.44,19.53,6.33,35.14,37,717,1005,28,228,31.8
81,BAW Mendis,3,3,6,2,3,3,0,0,0,0,2,0,0,0,50.0,1.0,3.0,6.0,50.0,10,244,288,8,76,31.15
82,BB McCullum,109,2880,2267,102,1025,713,103,3,293,130,158,44,15,2,127.04,26.42,22.23,5.36,45.21,0,0,0,0,0,0.0
83,BB Samantray,8,125,116,5,48,45,8,0,13,2,55,2,1,0,107.76,15.62,23.2,7.73,41.38,0,0,0,0,0,0.0
84,BB Sran,7,10,14,1,5,8,1,0,0,0,3,0,0,0,71.43,1.43,14.0,14.0,35.71,24,516,767,18,168,32.56
85,BCJ Cutting,17,238,146,10,58,44,10,0,15,19,39,2,0,0,163.01,14.0,14.6,4.29,39.73,17,288,430,10,77,26.74
86,BE Hendricks,2,1,3,1,2,1,0,0,0,0,1,0,0,0,33.33,0.5,3.0,3.0,66.67,7,157,239,9,52,33.12
87,BJ Haddin,1,18,11,1,5,2,1,0,2,1,18,0,0,0,163.64,18.0,11.0,3.67,45.45,0,0,0,0,0,0.0
88,BJ Hodge,63,1400,1153,41,439,452,89,8,122,43,73,21,6,0,121.42,22.22,28.12,6.99,38.07,20,238,310,17,75,31.51
89,BJ Rohrer,8,193,145,6,56,48,14,1,21,5,64,3,1,0,133.1,24.12,24.17,5.58,38.62,1,7,12,0,1,14.29
90,BMAJ Mendis,3,23,27,3,8,15,4,0,0,0,12,0,0,0,85.19,7.67,9.0,27.0,29.63,2,30,36,1,11,36.67
91,BR Dunk,3,40,36,3,20,6,3,0,7,0,20,0,0,0,111.11,13.33,12.0,5.14,55.56,0,0,0,0,0,0.0
92,Basil Thampi,7,32,37,1,16,16,3,0,1,1,13,0,0,0,86.49,4.57,37.0,18.5,43.24,25,539,862,22,152,28.2
93,Bipul Sharma,17,187,124,6,34,51,19,0,11,9,35,1,0,0,150.81,11.0,20.67,6.2,27.42,28,436,581,17,131,30.05
94,C Madan,1,15,21,1,15,3,0,0,3,0,15,0,0,0,71.43,15.0,21.0,7.0,71.43,0,0,0,0,0,0.0
95,C Munro,11,177,144,9,68,45,4,0,19,8,40,2,0,0,122.92,16.09,16.0,5.33,47.22,2,12,15,0,5,41.67
96,C Nanda,1,0,1,1,1,0,0,0,0,0,0,0,0,0,0.0,0.0,1.0,1.0,100.0,3,50,58,2,13,26.0
97,C Sakariya,5,16,25,4,16,6,1,0,2,0,7,0,0,0,64.0,3.2,6.25,12.5,64.0,17,405,521,17,126,31.11
98,C de Grandhomme,21,303,229,14,86,91,16,0,18,18,40,5,0,0,132.31,14.43,16.36,6.36,37.55,19,230,323,6,58,25.22
99,CA Ingram,15,205,183,12,78,69,9,0,22,5,47,2,0,0,112.02,13.67,15.25,6.78,42.62,0,0,0,0,0,0.0
100,CA Lynn,42,1329,974,38,416,315,45,0,132,66,93,20,10,0,136.45,31.64,25.63,4.92,42.71,0,0,0,0,0,0.0
101,CA Pujara,22,390,403,18,200,133,15,1,50,4,51,4,1,0,96.77,17.73,22.39,7.46,49.63,0,0,0,0,0,0.0
102,CH Gayle,141,4965,3502,124,1634,1012,91,3,405,357,175,61,37,6,141.78,35.21,28.24,4.6,46.66,38,584,755,18,180,30.82
103,CH Morris,49,618,413,28,134,163,39,1,41,35,82,6,2,0,149.64,12.61,14.75,5.43,32.45,81,1794,2362,95,666,37.12
104,CJ Anderson,29,538,436,22,200,139,25,1,40,31,95,7,3,0,123.39,18.55,19.82,6.14,45.87,22,315,525,11,79,25.08
105,CJ Ferguson,8,98,119,6,58,42,10,0,9,0,23,0,0,0,82.35,12.25,19.83,13.22,48.74,0,0,0,0,0,0.0
106,CJ Jordan,10,75,68,7,30,19,13,0,3,3,30,1,0,0,110.29,7.5,9.71,11.33,44.12,28,569,859,27,164,28.82
107,CJ McKay,1,8,15,1,8,6,1,0,0,0,8,0,0,0,53.33,8.0,15.0,15.0,53.33,2,42,60,1,14,33.33
108,CK Kapugedera,3,16,24,3,10,12,2,0,0,0,8,0,0,0,66.67,5.33,8.0,24.0,41.67,3,17,49,0,0,0.0
109,CK Langeveldt,2,8,9,2,6,2,0,0,0,1,8,0,0,0,88.89,4.0,4.5,9.0,66.67,7,165,199,13,69,41.82
110,CL White,45,954,769,34,274,334,47,2,76,36,78,15,6,0,124.06,21.2,22.62,6.87,35.63,6,46,86,1,8,17.39
111,CM Gautam,13,169,158,9,84,40,8,3,17,6,33,3,0,0,106.96,13.0,17.56,6.87,53.16,0,0,0,0,0,0.0
112,CR Brathwaite,14,181,120,13,53,37,4,0,10,16,43,2,0,0,150.83,12.93,9.23,4.62,44.17,16,266,384,13,74,27.82
113,CR Woakes,12,78,77,5,33,32,3,0,7,2,18,0,0,0,101.3,6.5,15.4,8.56,42.86,21,463,674,30,161,34.77
114,CV Varun,8,24,38,2,21,14,1,0,2,0,10,0,0,0,63.16,3.0,19.0,19.0,55.26,42,992,1186,42,346,34.88
115,D Brevis,7,161,116,7,55,33,3,0,14,11,49,3,0,0,138.79,23.0,16.57,4.64,47.41,1,3,8,1,1,33.33
116,D Kalyankrishna,1,3,8,1,5,3,0,0,0,0,3,0,0,0,37.5,3.0,8.0,8.0,62.5,3,50,88,2,10,20.0
117,D Padikkal,46,1260,1057,44,449,376,56,4,136,36,101,19,8,1,119.21,27.39,24.02,6.15,42.48,0,0,0,0,0,0.0
118,D Pretorius,5,44,28,4,10,10,2,0,3,3,22,0,0,0,157.14,8.8,7.0,4.67,35.71,6,138,213,6,34,24.64
119,D Salunkhe,3,33,24,1,8,9,2,0,5,0,26,0,0,0,137.5,11.0,24.0,4.8,33.33,5,51,80,1,13,25.49
120,D Wiese,8,127,94,4,29,43,6,0,12,4,47,1,0,0,135.11,15.88,23.5,5.88,30.85,14,289,409,16,79,27.34
121,D du Preez,1,10,13,1,5,6,2,0,0,0,10,0,0,0,76.92,10.0,13.0,13.0,38.46,2,43,56,4,18,41.86
122,DA Miller,101,2455,1837,64,617,777,159,2,169,113,101,31,13,1,133.64,24.31,28.7,6.51,33.59,0,0,0,0,0,0.0
123,DA Warner,162,5881,4308,135,1633,1513,345,23,577,216,126,86,59,4,136.51,36.3,31.91,5.43,37.91,1,2,2,0,0,0.0
124,DB Das,22,304,267,12,124,92,12,0,23,16,35,2,0,0,113.86,13.82,22.25,6.85,46.44,0,0,0,0,0,0.0
125,DB Ravi Teja,25,375,325,19,124,136,18,3,35,9,60,5,1,0,115.38,15.0,17.11,7.39,38.15,2,18,28,1,4,22.22
126,DE Bollinger,4,21,23,1,11,9,1,0,1,1,16,0,0,0,91.3,5.25,23.0,11.5,47.83,27,600,716,37,254,42.33
127,DH Yagnik,17,170,142,9,62,44,11,0,23,2,34,2,0,0,119.72,10.0,15.78,5.68,43.66,0,0,0,0,0,0.0
128,DJ Bravo,110,1560,1247,68,498,447,111,5,120,66,70,15,5,0,125.1,14.18,18.34,6.7,39.94,158,3296,4436,183,998,30.28
129,DJ Harris,4,111,103,3,52,33,2,0,11,5,47,2,0,0,107.77,27.75,34.33,6.44,50.49,2,18,26,0,4,22.22
130,DJ Hooda,75,1236,969,56,332,418,84,2,77,56,64,13,7,0,127.55,16.48,17.3,7.29,34.26,30,359,505,10,96,26.74
131,DJ Hussey,61,1322,1101,46,425,452,72,2,90,60,71,19,5,0,120.07,21.67,23.93,7.34,38.6,26,323,485,8,86,26.63
132,DJ Jacobs,7,92,101,7,62,22,3,0,10,4,32,1,0,0,91.09,13.14,14.43,7.21,61.39,0,0,0,0,0,0.0
133,DJ Malan,1,26,26,1,10,12,2,0,1,1,26,0,0,0,100.0,26.0,26.0,13.0,38.46,0,0,0,0,0,0.0
134,DJ Mitchell,2,33,46,2,18,25,2,0,1,0,17,0,0,0,71.74,16.5,23.0,46.0,39.13,2,13,27,0,1,7.69
135,DJ Muthuswami,1,1,3,1,2,1,0,0,0,0,1,0,0,0,33.33,1.0,3.0,3.0,66.67,6,84,108,4,44,52.38
136,DJ Thornely,4,39,54,3,31,19,0,0,2,2,30,1,0,0,72.22,9.75,18.0,13.5,57.41,4,44,40,3,19,43.18
137,DJ Willey,2,18,32,2,24,4,1,0,3,0,18,0,0,0,56.25,9.0,16.0,10.67,75.0,7,127,171,3,43,33.86
138,DJG Sammy,20,295,251,15,108,94,15,1,15,18,60,1,1,0,117.53,14.75,16.73,7.61,43.03,19,244,354,11,72,29.51
139,DJM Short,7,115,102,7,48,35,3,0,11,5,44,2,0,0,112.75,16.43,14.57,6.38,47.06,2,18,23,1,7,38.89
140,DL Chahar,11,79,59,7,23,21,7,0,2,6,39,1,0,0,133.9,7.18,8.43,7.38,38.98,63,1385,1739,59,568,41.01
141,DL Vettori,16,121,118,7,46,54,4,1,11,2,29,0,0,0,102.54,7.56,16.86,9.08,38.98,34,785,894,28,270,34.39
142,DNT Zoysa,2,11,9,1,3,3,2,0,1,0,10,0,0,0,122.22,5.5,9.0,9.0,33.33,3,69,100,2,24,34.78
143,DP Conway,7,252,176,6,61,73,6,1,23,12,87,3,3,0,143.18,36.0,29.33,5.03,34.66,0,0,0,0,0,0.0
144,DP Nannes,2,4,13,1,9,4,0,0,0,0,3,0,0,0,30.77,2.0,13.0,13.0,69.23,29,689,815,28,285,41.36
145,DPMD Jayawardene,78,1802,1520,58,618,565,93,4,200,39,110,23,11,1,118.55,23.1,26.21,6.36,40.66,0,0,0,0,0,0.0
146,DR Martyn,1,19,26,1,10,15,0,0,1,0,19,0,0,0,73.08,19.0,26.0,26.0,38.46,0,0,0,0,0,0.0
147,DR Sams,13,44,48,9,26,14,4,0,1,3,15,0,0,0,91.67,3.38,5.33,12.0,54.17,16,389,528,14,142,36.5
148,DR Shorey,2,13,20,2,12,7,0,0,0,1,8,0,0,0,65.0,6.5,10.0,20.0,60.0,0,0,0,0,0,0.0
149,DR Smith,88,2385,1803,80,832,521,84,3,245,117,87,35,17,0,132.28,27.1,22.54,4.98,46.15,46,557,825,26,168,30.16
150,DS Kulkarni,20,104,113,8,50,45,8,1,7,2,28,0,0,0,92.04,5.2,14.12,12.56,44.25,92,1876,2513,86,742,39.55
151,DS Lehmann,2,18,19,2,10,6,0,0,3,0,17,0,0,0,94.74,9.0,9.5,6.33,52.63,0,0,0,0,0,0.0
152,DT Christian,41,460,408,27,145,190,29,2,23,19,39,2,0,0,112.75,11.22,15.11,9.71,35.54,49,922,1218,38,296,32.1
153,DT Patil,2,13,13,1,5,5,2,0,1,0,9,0,0,0,100.0,6.5,13.0,13.0,38.46,0,0,0,0,0,0.0
154,DW Steyn,33,167,163,20,72,55,19,0,14,3,19,0,0,0,102.45,5.06,8.15,9.59,44.17,95,2276,2568,97,1019,44.77
155,E Lewis,26,654,499,24,234,146,19,2,62,36,65,10,4,0,131.06,25.15,20.79,5.09,46.89,0,0,0,0,0,0.0
156,EJG Morgan,74,1405,1179,59,511,415,73,4,112,64,68,19,5,0,119.17,18.99,19.98,6.7,43.34,0,0,0,0,0,0.0
157,ER Dwivedi,2,24,15,2,7,4,0,0,2,2,19,0,0,0,160.0,12.0,7.5,3.75,46.67,0,0,0,0,0,0.0
158,F Behardien,3,14,13,2,5,6,0,0,2,0,9,0,0,0,107.69,4.67,6.5,6.5,38.46,0,0,0,0,0,0.0
159,F du Plessis,109,3403,2676,92,976,1085,173,16,315,109,96,50,25,0,127.17,31.22,29.09,6.31,36.47,1,6,16,0,0,0.0
160,FA Allen,3,14,19,2,9,8,1,0,1,0,8,0,0,0,73.68,4.67,9.5,19.0,47.37,4,91,136,2,26,28.57
161,FH Edwards,2,4,5,1,3,1,0,1,0,0,3,0,0,0,80.0,2.0,5.0,5.0,60.0,6,150,160,5,70,46.67
162,FY Fazal,11,183,179,9,74,75,7,0,22,1,45,3,0,0,102.23,16.64,19.89,7.78,41.34,2,12,20,0,1,8.33
163,G Gambhir,151,4217,3524,128,1357,1352,249,15,492,59,93,58,36,0,119.67,27.93,27.53,6.4,38.51,0,0,0,0,0,0.0
164,GB Hogg,4,22,22,2,5,14,2,0,1,0,13,0,0,0,100.0,5.5,11.0,22.0,22.73,21,466,585,23,159,34.12
165,GC Smith,29,739,691,26,320,228,39,1,94,9,91,9,4,0,106.95,25.48,26.58,6.71,46.31,0,0,0,0,0,0.0
166,GC Viljoen,3,3,7,2,5,1,1,0,0,0,2,0,0,0,42.86,1.0,3.5,7.0,71.43,6,146,229,7,43,29.45
167,GD McGrath,2,4,5,1,4,0,0,0,1,0,4,0,0,0,80.0,2.0,5.0,5.0,80.0,14,329,366,12,153,46.5
168,GD Phillips,3,26,33,2,22,6,2,0,1,2,14,0,0,0,78.79,8.67,16.5,11.0,66.67,2,13,20,1,4,30.77
169,GH Vihari,23,284,331,19,146,137,23,1,23,1,46,3,0,0,85.8,12.35,17.42,13.79,44.11,6,43,48,1,17,39.53
170,GHS Garton,2,2,4,1,2,2,0,0,0,0,2,0,0,0,50.0,1.0,4.0,4.0,50.0,5,97,136,3,31,31.96
171,GJ Bailey,36,663,552,26,207,222,44,1,59,19,61,8,2,0,120.11,18.42,21.23,7.08,37.5,0,0,0,0,0,0.0
172,GJ Maxwell,105,2319,1570,87,601,527,113,4,198,127,95,32,13,0,147.71,22.09,18.05,4.83,38.28,66,803,1087,28,249,31.01
173,GR Napier,1,15,16,1,7,5,3,0,1,0,15,0,0,0,93.75,15.0,16.0,16.0,43.75,1,24,28,1,8,33.33
174,Gurkeerat Singh,32,511,436,24,170,176,23,1,55,11,65,3,2,0,117.2,15.97,18.17,6.61,38.99,6,82,97,5,26,31.71
175,H Das,1,2,5,1,3,2,0,0,0,0,2,0,0,0,40.0,2.0,5.0,5.0,60.0,0,0,0,0,0,0.0
176,H Klaasen,6,66,58,5,20,24,8,0,5,1,32,1,0,0,113.79,11.0,11.6,9.67,34.48,0,0,0,0,0,0.0
177,HE van der Dussen,3,22,25,2,12,8,3,0,2,0,12,0,0,0,88.0,7.33,12.5,12.5,48.0,0,0,0,0,0,0.0
178,HH Gibbs,36,886,837,31,410,264,45,3,83,31,69,11,6,0,105.85,24.61,27.0,7.34,48.98,0,0,0,0,0,0.0
179,HH Pandya,100,1963,1400,63,518,541,79,5,146,110,91,24,8,0,140.21,19.63,22.22,5.47,37.0,70,1103,1566,50,359,32.55
180,HM Amla,16,577,418,13,150,164,22,1,60,21,104,6,5,2,138.04,36.06,32.15,5.16,35.89,0,0,0,0,0,0.0
181,HR Shokeen,2,43,48,2,25,13,5,0,5,0,25,0,0,0,89.58,21.5,24.0,9.6,52.08,5,94,130,2,41,43.62
182,HV Patel,31,230,189,19,80,70,11,0,15,13,36,2,0,0,121.69,7.42,9.95,6.75,42.33,76,1665,2262,97,553,33.21
183,Harbhajan Singh,88,833,636,51,285,195,35,0,79,42,64,6,1,0,130.97,9.47,12.47,5.26,44.81,160,3496,4101,150,1263,36.13
184,Harmeet Singh,4,18,12,2,5,2,2,0,3,0,14,0,0,0,150.0,4.5,6.0,4.0,41.67,27,549,713,26,189,34.43
185,Harpreet Brar,9,106,100,3,46,34,9,0,6,5,25,0,0,0,106.0,11.78,33.33,9.09,46.0,15,296,379,9,103,34.8
186,Harpreet Singh,3,20,26,2,8,16,2,0,0,0,13,0,0,0,76.92,6.67,13.0,26.0,30.77,0,0,0,0,0,0.0
187,Harshit Rana,2,2,2,1,1,0,1,0,0,0,2,0,0,0,100.0,1.0,2.0,2.0,50.0,2,31,52,1,11,35.48
188,I Sharma,18,55,62,6,32,21,3,0,4,2,10,0,0,0,88.71,3.06,10.33,10.33,51.61,93,2090,2779,72,842,40.29
189,I Udana,4,15,11,3,4,5,0,0,1,1,10,0,0,0,136.36,3.75,3.67,5.5,36.36,10,182,286,8,45,24.73
190,IC Pandey,1,0,2,1,2,0,0,0,0,0,0,0,0,0,0.0,0.0,2.0,2.0,100.0,24,469,609,18,212,45.2
191,IK Pathan,82,1139,981,49,372,406,76,2,87,37,60,9,1,0,116.11,13.89,20.02,7.91,37.92,101,2113,2711,80,835,39.52
192,IR Jaggi,7,76,100,5,51,36,5,2,6,0,28,0,0,0,76.0,10.86,20.0,16.67,51.0,0,0,0,0,0,0.0
193,IS Sodhi,2,7,18,2,11,7,0,0,0,0,6,0,0,0,38.89,3.5,9.0,18.0,61.11,8,182,204,9,64,35.16
194,Imran Tahir,8,33,37,4,21,9,2,0,5,0,13,0,0,0,89.19,4.12,9.25,7.4,56.76,59,1340,1729,82,437,32.61
195,Iqbal Abdulla,13,88,86,1,36,34,6,0,9,1,33,1,0,0,102.33,6.77,86.0,8.6,41.86,48,943,1125,40,331,35.1
196,Ishan Kishan,70,1870,1444,62,573,547,70,3,166,85,99,25,12,0,129.5,26.71,23.29,5.75,39.68,0,0,0,0,0,0.0
197,J Arunkumar,3,23,24,3,16,3,0,0,5,0,22,0,0,0,95.83,7.67,8.0,4.8,66.67,0,0,0,0,0,0.0
198,J Botha,28,409,364,20,138,143,37,2,39,5,67,4,1,0,112.36,14.61,18.2,8.27,37.91,34,709,818,25,254,35.83
199,J Suchith,9,70,62,4,30,18,5,0,6,3,34,1,0,0,112.9,7.78,15.5,6.89,48.39,21,434,604,19,140,32.26
200,J Syed Mohammad,5,29,27,2,11,11,1,0,4,0,13,0,0,0,107.41,5.8,13.5,6.75,40.74,11,196,286,8,47,23.98
201,J Theron,4,10,13,2,6,6,0,0,1,0,7,0,0,0,76.92,2.5,6.5,13.0,46.15,10,230,302,9,66,28.7
202,J Yadav,4,40,38,2,14,16,5,0,2,1,23,0,0,0,105.26,10.0,19.0,12.67,36.84,19,374,421,8,145,38.77
203,JA Morkel,67,974,711,38,252,287,55,1,61,55,73,7,3,0,136.99,14.54,18.71,6.13,35.44,87,1807,2409,85,646,35.75
204,JA Richardson,2,15,25,2,16,7,0,0,2,0,15,0,0,0,60.0,7.5,12.5,12.5,64.0,3,69,122,3,22,31.88
205,JC Archer,21,195,128,13,46,47,10,0,11,14,27,0,0,0,152.34,9.29,9.85,5.12,35.94,35,858,1008,46,377,43.94
206,JC Buttler,81,2831,1953,68,775,628,132,4,278,135,124,32,20,5,144.96,34.95,28.72,4.73,39.68,0,0,0,0,0,0.0
207,JD Ryder,29,604,466,27,200,145,30,3,69,19,86,8,4,0,129.61,20.83,17.26,5.3,42.92,16,241,314,8,79,32.78
208,JD Unadkat,21,164,136,10,54,50,13,0,13,6,26,0,0,0,120.59,7.81,13.6,7.16,39.71,90,1942,2806,91,627,32.29
209,JDP Oram,11,106,110,8,50,46,3,0,6,5,41,1,0,0,96.36,9.64,13.75,10.0,45.45,14,244,362,9,79,32.38
210,JDS Neesham,10,92,93,8,40,34,11,0,6,2,22,0,0,0,98.92,9.2,11.62,11.62,43.01,13,222,342,8,63,28.38
211,JEC Franklin,16,327,309,11,124,129,22,0,25,9,79,3,1,0,105.83,20.44,28.09,9.09,40.13,15,155,225,9,39,25.16
212,JH Kallis,95,2427,2291,83,982,888,113,8,255,44,89,34,17,0,105.94,25.55,27.6,7.66,42.86,89,1799,2348,65,601,33.41
213,JJ Bumrah,22,56,68,6,33,26,4,0,4,1,16,0,0,0,82.35,2.55,11.33,13.6,48.53,120,2833,3469,145,1078,38.05
214,JJ Roy,13,329,264,11,113,89,12,2,39,9,91,5,2,0,124.62,25.31,24.0,5.5,42.8,0,0,0,0,0,0.0
215,JJ van der Wath,3,18,17,2,8,6,1,0,1,1,14,0,0,0,105.88,6.0,8.5,8.5,47.06,3,76,134,3,29,38.16
216,JL Denly,1,0,1,1,1,0,0,0,0,0,0,0,0,0,0.0,0.0,1.0,1.0,100.0,0,0,0,0,0,0.0
217,JL Pattinson,2,15,13,1,4,7,0,0,2,0,11,0,0,0,115.38,7.5,13.0,6.5,30.77,10,222,321,11,77,34.68
218,JM Bairstow,39,1291,935,36,386,299,56,6,133,55,114,19,10,1,138.07,33.1,25.97,4.97,41.28,0,0,0,0,0,0.0
219,JM Kemp,2,26,25,2,11,9,2,1,1,1,22,0,0,0,104.0,13.0,12.5,12.5,44.0,5,47,58,3,15,31.91
220,JM Sharma,10,234,149,8,54,49,11,1,22,12,44,4,0,0,157.05,23.4,18.62,4.38,36.24,0,0,0,0,0,0.0
221,JO Holder,24,247,205,19,93,71,11,0,13,17,47,1,0,0,120.49,10.29,10.79,6.83,45.37,38,873,1199,49,281,32.19
222,JP Duminy,75,2029,1680,48,562,781,126,6,126,79,78,27,14,0,120.77,27.05,35.0,8.2,33.45,49,701,847,23,234,33.38
223,JP Faulkner,45,527,405,25,144,160,41,1,36,23,46,6,0,0,130.12,11.71,16.2,6.86,35.56,60,1276,1827,59,397,31.11
224,JPR Scantlebury-Searles,2,8,6,1,3,2,0,0,0,1,6,0,0,0,133.33,4.0,6.0,6.0,50.0,3,45,89,2,7,15.56
225,JR Hopes,19,417,314,16,120,114,19,1,49,11,71,4,4,0,132.8,21.95,19.62,5.23,38.22,20,369,562,14,105,28.46
226,JR Philippe,5,78,80,4,38,28,4,0,9,1,33,2,0,0,97.5,15.6,20.0,8.0,47.5,0,0,0,0,0,0.0
227,Jaskaran Singh,4,8,11,1,5,4,2,0,0,0,4,0,0,0,72.73,2.0,11.0,11.0,45.45,7,111,174,6,39,35.14
228,Joginder Sharma,5,36,30,4,10,14,3,0,1,2,16,0,0,0,120.0,7.2,7.5,10.0,33.33,15,272,421,12,71,26.1
229,K Goel,16,218,239,13,130,71,11,1,17,9,38,1,0,0,91.21,13.62,18.38,9.19,54.39,6,67,94,0,19,28.36
230,K Gowtham,20,186,115,14,44,32,12,2,13,12,33,1,0,0,161.74,9.3,8.21,4.6,38.26,28,486,677,18,163,33.54
231,K Kartikeya,1,3,6,1,3,3,0,0,0,0,3,0,0,0,50.0,3.0,6.0,6.0,50.0,4,78,103,5,29,37.18
232,K Rabada,23,186,188,13,92,62,12,0,16,6,44,1,0,0,98.94,8.09,14.46,8.55,48.94,63,1489,2014,99,562,37.74
233,KA Jamieson,7,65,55,3,25,18,3,1,5,3,16,0,0,0,118.18,9.29,18.33,6.88,45.45,9,179,271,9,69,38.55
234,KA Pollard,168,3412,2433,118,962,869,152,8,218,223,87,36,16,0,140.24,20.31,20.62,5.52,39.54,107,1586,2200,69,405,25.54
235,KAJ Roach,1,10,9,1,3,4,1,0,1,0,10,0,0,0,111.11,10.0,9.0,9.0,33.33,2,52,80,0,20,38.46
236,KB Arun Karthik,8,51,53,5,24,20,3,1,4,1,19,0,0,0,96.23,6.38,10.6,10.6,45.28,0,0,0,0,0,0.0
237,KC Cariappa,5,24,21,3,8,10,1,0,0,2,12,0,0,0,114.29,4.8,7.0,10.5,38.1,11,224,349,8,61,27.23
238,KC Sangakkara,68,1687,1424,65,552,563,81,5,195,27,94,23,10,0,118.47,24.81,21.91,6.41,38.76,0,0,0,0,0,0.0
239,KD Karthik,207,4376,3383,156,1219,1355,240,6,426,134,97,60,20,0,129.35,21.14,21.69,6.04,36.03,0,0,0,0,0,0.0
240,KH Pandya,82,1326,1003,57,382,363,82,5,121,50,86,17,1,0,132.2,16.17,17.6,5.87,38.09,93,1725,2066,61,529,30.67
241,KJ Abbott,3,13,8,1,3,2,1,1,0,1,12,0,0,0,162.5,4.33,8.0,8.0,37.5,5,102,182,2,28,27.45
242,KK Ahmed,5,1,7,5,6,1,0,0,0,0,1,0,0,0,14.29,0.2,1.4,7.0,85.71,34,809,1116,48,311,38.44
243,KK Cooper,12,116,70,9,29,16,8,0,9,8,32,1,0,0,165.71,9.67,7.78,4.12,41.43,25,600,789,33,184,30.67
244,KK Nair,68,1496,1192,61,470,434,82,5,161,39,83,20,10,0,125.5,22.0,19.54,5.96,39.43,0,0,0,0,0,0.0
245,KL Nagarkoti,7,22,34,4,17,14,2,0,1,0,8,0,0,0,64.71,3.14,8.5,34.0,50.0,11,185,287,5,50,27.03
246,KL Rahul,99,3889,2927,79,1040,1200,191,5,327,164,132,49,35,4,132.87,39.28,37.05,5.96,35.53,0,0,0,0,0,0.0
247,KM Jadhav,80,1196,1002,51,372,428,59,2,101,40,69,11,4,0,119.36,14.95,19.65,7.11,37.13,0,0,0,0,0,0.0
248,KMA Paul,5,18,26,4,17,6,1,0,1,1,7,0,0,0,69.23,3.6,6.5,13.0,65.38,8,180,239,9,52,28.89
249,KP Appanna,3,2,4,1,2,2,0,0,0,0,1,0,0,0,50.0,0.67,4.0,4.0,50.0,13,222,291,9,68,30.63
250,KP Pietersen,36,1001,758,27,290,284,48,4,91,40,103,15,5,1,132.06,27.81,28.07,5.79,38.26,13,180,218,7,54,30.0
251,KS Bharat,8,199,168,7,62,70,15,1,12,8,78,3,1,0,118.45,24.88,24.0,8.4,36.9,0,0,0,0,0,0.0
252,KS Sharma,1,4,4,1,3,0,0,0,1,0,4,0,0,0,100.0,4.0,4.0,4.0,75.0,0,0,0,0,0,0.0
253,KS Williamson,74,2101,1704,56,605,728,116,8,182,64,89,28,18,0,123.3,28.39,30.43,6.93,35.5,2,18,31,0,2,11.11
254,KV Sharma,34,317,285,20,116,114,22,1,18,14,39,2,0,0,111.23,9.32,14.25,8.91,40.7,66,1239,1645,59,407,32.85
255,KW Richardson,4,36,39,3,17,16,3,0,2,1,26,0,0,0,92.31,9.0,13.0,13.0,43.59,15,345,479,19,129,37.39
256,Kamran Akmal,6,128,78,4,33,20,4,0,13,8,53,1,1,0,164.1,21.33,19.5,3.71,42.31,0,0,0,0,0,0.0
257,Kamran Khan,1,3,5,1,3,1,1,0,0,0,3,0,0,0,60.0,3.0,5.0,5.0,60.0,9,170,233,9,62,36.47
258,Karanveer Singh,4,12,17,1,9,6,1,0,1,0,5,0,0,0,70.59,3.0,17.0,17.0,52.94,9,213,323,12,64,30.05
259,Kartik Tyagi,6,13,16,4,7,7,1,0,1,0,7,0,0,0,81.25,2.17,4.0,16.0,43.75,16,388,576,14,134,34.54
260,Kuldeep Yadav,17,105,130,5,67,45,8,0,8,2,16,0,0,0,80.77,6.18,26.0,13.0,51.54,57,1219,1671,61,358,29.37
261,L Balaji,13,36,50,7,29,15,2,1,2,1,15,0,0,0,72.0,2.77,7.14,16.67,58.0,73,1574,2083,76,537,34.12
262,L Ronchi,5,34,37,3,26,4,0,0,6,1,13,0,0,0,91.89,6.8,12.33,5.29,70.27,0,0,0,0,0,0.0
263,LA Carseldine,5,81,71,3,31,23,4,2,11,0,39,1,0,0,114.08,16.2,23.67,6.45,43.66,1,7,6,1,4,57.14
264,LA Pomersbach,16,302,251,10,109,85,18,1,25,13,79,3,1,0,120.32,18.88,25.1,6.61,43.43,0,0,0,0,0,0.0
265,LE Plunkett,2,1,3,1,2,1,0,0,0,0,1,0,0,0,33.33,0.5,3.0,3.0,66.67,7,154,228,4,39,25.32
266,LH Ferguson,6,67,47,2,14,19,6,0,6,2,24,0,0,0,142.55,11.17,23.5,5.88,29.79,35,802,1091,36,297,37.03
267,LJ Wright,5,106,63,4,22,20,2,0,16,3,44,2,0,0,168.25,21.2,15.75,3.32,34.92,6,75,125,2,14,18.67
268,LMP Simmons,29,1079,878,26,402,269,52,2,109,44,100,17,12,1,122.89,37.21,33.77,5.74,45.79,1,18,34,1,2,11.11
269,LPC Silva,3,40,27,2,10,8,3,0,5,1,23,0,0,0,148.15,13.33,13.5,4.5,37.04,1,6,21,0,0,0.0
270,LR Shukla,33,405,358,27,152,137,20,0,33,16,48,3,0,0,113.13,12.27,13.26,7.31,42.46,27,326,458,15,109,33.44
271,LRPL Taylor,54,1017,847,38,334,334,62,3,66,46,81,11,3,0,120.07,18.83,22.29,7.56,39.43,2,13,24,0,0,0.0
272,LS Livingstone,23,549,352,20,133,127,12,2,38,40,70,7,4,0,155.97,23.87,17.6,4.51,37.78,13,150,215,6,41,27.33
273,Lalit Yadav,13,229,227,8,98,94,9,1,18,7,48,2,0,0,100.88,17.62,28.38,9.08,43.17,13,194,253,8,58,29.9
274,M Ashwin,12,35,50,8,27,19,1,0,2,1,9,0,0,0,70.0,2.92,6.25,16.67,54.0,42,873,1129,35,280,32.07
275,M Jansen,4,9,11,3,7,3,0,0,0,1,8,0,0,0,81.82,2.25,3.67,11.0,63.64,10,241,325,9,91,37.76
276,M Kaif,22,259,258,16,120,86,23,1,22,6,34,2,0,0,100.39,11.77,16.12,9.21,46.51,0,0,0,0,0,0.0
277,M Kartik,14,113,109,6,32,60,8,1,7,1,21,0,0,0,103.67,8.07,18.17,13.62,29.36,55,1182,1418,31,382,32.32
278,M Klinger,4,73,78,4,36,30,2,1,9,0,29,0,0,0,93.59,18.25,19.5,8.67,46.15,0,0,0,0,0,0.0
279,M Manhas,38,514,486,23,197,191,44,1,43,10,42,5,0,0,105.76,13.53,21.13,9.17,40.53,3,42,42,0,15,35.71
280,M Markande,7,27,30,3,15,9,3,0,3,0,7,0,0,0,90.0,3.86,10.0,10.0,50.0,20,365,522,17,105,28.77
281,M Morkel,20,126,93,10,35,33,8,1,11,5,23,0,0,0,135.48,6.3,9.3,5.81,37.63,70,1699,2136,77,708,41.67
282,M Muralitharan,9,20,30,6,17,9,2,1,1,0,6,0,0,0,66.67,2.22,5.0,30.0,56.67,66,1577,1755,63,598,37.92
283,M Ntini,2,11,19,1,15,1,1,0,2,0,11,0,0,0,57.89,5.5,19.0,9.5,78.95,9,213,257,7,99,46.48
284,M Prasidh Krishna,7,9,24,2,15,9,0,0,0,0,4,0,0,0,37.5,1.29,12.0,24.0,62.5,51,1225,1731,49,474,38.69
285,M Rawat,11,55,70,5,34,29,2,0,4,1,23,0,0,0,78.57,5.0,14.0,14.0,48.57,0,0,0,0,0,0.0
286,M Shahrukh Khan,18,270,236,13,109,86,9,0,13,19,47,1,0,0,114.41,15.0,18.15,7.38,46.19,0,0,0,0,0,0.0
287,M Theekshana,2,7,7,1,5,1,0,0,0,1,7,0,0,0,100.0,3.5,7.0,7.0,71.43,9,212,267,12,65,30.66
288,M Vijay,105,2619,2208,93,987,701,164,17,247,91,127,36,15,2,118.61,24.94,23.74,6.53,44.7,4,37,49,0,8,21.62
289,M Vohra,50,1073,852,46,389,243,64,9,103,43,95,15,3,0,125.94,21.46,18.52,5.84,45.66,0,0,0,0,0,0.0
290,M de Lange,1,1,2,1,1,1,0,0,0,0,1,0,0,0,50.0,1.0,2.0,2.0,50.0,5,116,171,5,39,33.62
291,MA Agarwal,107,2327,1801,100,723,654,102,3,226,91,106,28,13,1,129.21,21.75,18.01,5.68,40.14,0,0,0,0,0,0.0
292,MA Khote,3,24,22,2,10,8,1,0,2,1,9,0,0,0,109.09,8.0,11.0,7.33,45.45,2,30,52,2,5,16.67
293,MA Starc,11,96,98,6,41,38,9,0,10,0,29,0,0,0,97.96,8.73,16.33,9.8,41.84,26,612,725,34,232,37.91
294,MA Wood,1,1,5,1,4,1,0,0,0,0,1,0,0,0,20.0,1.0,5.0,5.0,80.0,1,25,50,0,5,20.0
295,MC Henriques,54,1000,801,36,284,323,76,3,87,28,74,12,5,0,124.84,18.52,22.25,6.97,35.46,60,979,1302,42,306,31.26
296,MC Juneja,7,125,134,7,54,61,7,0,11,1,49,1,0,0,93.28,17.86,19.14,11.17,40.3,0,0,0,0,0,0.0
297,MD Mishra,17,237,213,15,102,65,14,0,24,8,41,2,0,0,111.27,13.94,14.2,6.66,47.89,0,0,0,0,0,0.0
298,MDKJ Perera,2,14,13,2,8,2,0,0,3,0,14,0,0,0,107.69,7.0,6.5,4.33,61.54,0,0,0,0,0,0.0
299,MEK Hussey,58,1977,1648,49,643,648,96,11,198,52,116,28,16,1,119.96,34.09,33.63,6.59,39.02,0,0,0,0,0,0.0
300,MF Maharoof,14,177,124,10,44,43,16,0,12,9,39,1,0,0,142.74,12.64,12.4,5.9,35.48,20,441,532,27,165,37.41
301,MG Johnson,28,167,168,13,80,58,12,1,10,7,16,0,0,0,99.4,5.96,12.92,9.88,47.62,54,1297,1734,61,533,41.09
302,MJ Clarke,6,98,96,6,43,35,5,0,12,0,41,1,0,0,102.08,16.33,16.0,8.0,44.79,5,66,72,2,22,33.33
303,MJ Guptill,13,270,196,12,88,59,7,2,24,15,50,5,1,0,137.76,20.77,16.33,5.03,44.9,0,0,0,0,0,0.0
304,MJ Lumb,12,278,198,10,96,41,9,1,45,6,83,5,1,0,140.4,23.17,19.8,3.88,48.48,0,0,0,0,0,0.0
305,MJ McClenaghan,20,85,73,11,39,21,1,0,5,7,20,0,0,0,116.44,4.25,6.64,6.08,53.42,56,1346,1839,71,507,37.67
306,MJ Santner,6,54,55,3,29,16,4,0,3,3,22,0,0,0,98.18,9.0,18.33,9.17,52.73,12,244,282,10,90,36.89
307,MK Lomror,15,267,214,13,73,97,16,0,15,13,47,3,0,0,124.77,17.8,16.46,7.64,34.11,8,73,92,1,18,24.66
308,MK Pandey,148,3648,3102,120,1179,1274,212,11,318,105,114,49,22,1,117.6,24.65,25.85,7.33,38.01,0,0,0,0,0,0.0
309,MK Tiwary,83,1695,1489,57,571,633,77,8,156,40,75,25,7,0,113.83,20.42,26.12,7.6,38.35,6,45,83,1,9,20.0
310,ML Hayden,32,1107,838,27,366,257,48,2,121,44,93,17,8,0,132.1,34.59,31.04,5.08,43.68,0,0,0,0,0,0.0
311,MM Ali,42,910,652,37,267,224,32,0,76,53,93,13,5,0,139.57,21.67,17.62,5.05,40.95,37,564,631,24,200,35.46
312,MM Patel,12,39,41,5,18,17,1,0,5,0,23,0,0,0,95.12,3.25,8.2,8.2,43.9,63,1382,1733,74,590,42.69
313,MM Sharma,25,122,120,14,54,45,7,1,9,4,21,0,0,0,101.67,4.88,8.57,9.23,45.0,86,1795,2488,92,643,35.82
314,MN Samuels,14,161,174,11,86,61,11,0,9,7,46,2,0,0,92.53,11.5,15.82,10.88,49.43,11,219,285,9,79,36.07
315,MN van Wyk,5,167,135,3,44,58,12,1,19,1,74,3,1,0,123.7,33.4,45.0,6.75,32.59,0,0,0,0,0,0.0
316,MP Stoinis,59,1070,813,40,294,327,60,1,83,48,65,12,4,0,131.61,18.14,20.32,6.21,36.16,50,675,1072,34,165,24.44
317,MR Marsh,23,476,394,19,162,157,18,1,28,28,89,6,2,0,120.81,20.7,20.74,7.04,41.12,23,407,528,24,138,33.91
318,MS Bisla,39,798,737,36,375,207,36,3,93,23,92,6,4,0,108.28,20.46,20.47,6.35,50.88,0,0,0,0,0,0.0
319,MS Dhoni,205,4978,3802,124,1370,1509,333,15,346,229,84,64,24,0,130.93,24.28,30.66,6.61,36.03,0,0,0,0,0,0.0
320,MS Gony,15,99,76,9,39,19,4,0,6,8,42,1,0,0,130.26,6.6,8.44,5.43,51.32,44,925,1317,37,348,37.62
321,MS Wade,13,179,178,12,90,51,12,0,23,2,35,2,0,0,100.56,13.77,14.83,7.12,50.56,0,0,0,0,0,0.0
322,MV Boucher,23,394,318,14,116,127,29,1,32,13,50,6,1,0,123.9,17.13,22.71,7.07,36.48,0,0,0,0,0,0.0
323,Mandeep Singh,94,1692,1402,77,547,525,112,4,176,37,77,18,6,0,120.68,18.0,18.21,6.58,39.02,2,12,26,0,1,8.33
324,Misbah-ul-Haq,8,117,82,7,31,29,6,0,10,6,47,2,0,0,142.68,14.62,11.71,5.12,37.8,0,0,0,0,0,0.0
325,Mohammad Ashraful,1,2,12,1,10,2,0,0,0,0,2,0,0,0,16.67,2.0,12.0,12.0,83.33,0,0,0,0,0,0.0
326,Mohammad Asif,2,3,6,2,3,3,0,0,0,0,3,0,0,0,50.0,1.5,3.0,6.0,50.0,8,199,307,8,64,32.16
327,Mohammad Hafeez,8,64,84,7,51,24,0,0,7,2,16,0,0,0,76.19,8.0,12.0,9.33,60.71,4,63,71,2,22,34.92
328,Mohammad Nabi,14,180,124,11,46,45,7,1,16,9,31,1,0,0,145.16,12.86,11.27,4.96,37.1,17,345,417,13,128,37.1
329,Mohammed Shami,21,69,74,11,35,27,5,0,5,2,21,0,0,0,93.24,3.29,6.73,10.57,47.3,93,2109,2946,99,798,37.84
330,Mohammed Siraj,17,96,111,7,60,34,5,0,10,2,14,0,0,0,86.49,5.65,15.86,9.25,54.05,65,1402,1992,59,534,38.09
331,Mohsin Khan (2),3,23,19,1,8,7,1,0,2,1,13,0,0,0,121.05,7.67,19.0,6.33,42.11,9,206,202,14,105,50.97
332,Mujeeb Ur Rahman,6,12,15,3,9,4,0,0,2,0,10,0,0,0,80.0,2.0,5.0,7.5,60.0,19,452,598,19,147,32.52
333,Mustafizur Rahman,5,12,22,1,15,6,0,0,0,1,8,0,0,0,54.55,2.4,22.0,22.0,68.18,46,1086,1389,46,375,34.53
334,N Jagadeesan,4,73,71,3,27,33,3,0,7,1,39,2,0,0,102.82,18.25,23.67,8.88,38.03,0,0,0,0,0,0.0
335,N Pooran,43,912,628,34,243,224,42,2,52,65,77,15,4,0,145.22,21.21,18.47,5.37,38.69,0,0,0,0,0,0.0
336,N Rana,85,2181,1677,77,699,607,64,5,190,111,87,28,15,0,130.05,25.66,21.78,5.57,41.68,18,131,178,7,40,30.53
337,N Saini,10,140,143,10,68,43,15,1,16,0,50,2,1,0,97.9,14.0,14.3,8.94,47.55,0,0,0,0,0,0.0
338,NA Saini,7,33,38,4,17,15,3,0,3,0,12,0,0,0,86.84,4.71,9.5,12.67,44.74,30,651,921,20,261,40.09
339,ND Doshi,1,0,13,1,13,0,0,0,0,0,0,0,0,0,0.0,0.0,13.0,13.0,100.0,4,57,79,2,24,42.11
340,NJ Maddinson,3,20,21,3,15,1,0,1,4,0,12,0,0,0,95.24,6.67,7.0,5.25,71.43,0,0,0,0,0,0.0
341,NL McCullum,2,26,23,1,8,9,4,1,0,1,15,0,0,0,113.04,13.0,23.0,23.0,34.78,2,30,35,0,10,33.33
342,NLTC Perera,30,422,324,22,129,119,26,1,23,26,40,5,0,0,130.25,14.07,14.73,6.61,39.81,36,715,1031,31,227,31.75
343,NM Coulter-Nile,16,82,75,10,39,20,5,0,7,4,24,0,0,0,109.33,5.12,7.5,6.82,52.0,38,892,1125,48,368,41.26
344,NS Naik,4,31,53,4,31,17,3,0,2,0,22,0,0,0,58.49,7.75,13.25,26.5,58.49,0,0,0,0,0,0.0
345,NT Ellis,3,18,19,2,8,8,2,0,0,1,12,0,0,0,94.74,6.0,9.5,19.0,42.11,5,108,148,4,37,34.26
346,NV Ojha,94,1554,1360,72,648,438,64,10,121,79,94,11,6,0,114.26,16.53,18.89,6.8,47.65,0,0,0,0,0,0.0
347,Niraj Patel,6,121,124,4,61,38,9,1,14,1,57,2,1,0,97.58,20.17,31.0,8.27,49.19,0,0,0,0,0,0.0
348,OA Shah,22,506,405,12,149,168,29,2,34,23,76,6,4,0,124.94,23.0,33.75,7.11,36.79,0,0,0,0,0,0.0
349,OF Smith,6,51,50,3,29,13,2,0,1,5,25,0,0,0,102.0,8.5,16.67,8.33,58.0,6,95,179,6,35,36.84
350,P Awana,5,5,14,2,9,5,0,0,0,0,4,0,0,0,35.71,1.0,7.0,14.0,64.29,33,774,1046,39,293,37.86
351,P Chopra,1,8,6,1,4,0,0,0,2,0,8,0,0,0,133.33,8.0,6.0,3.0,66.67,0,0,0,0,0,0.0
352,P Dogra,12,127,141,8,63,58,10,1,4,5,41,1,0,0,90.07,10.58,17.62,15.67,44.68,0,0,0,0,0,0.0
353,P Kumar,57,340,323,34,158,102,24,0,22,17,34,1,0,0,105.26,5.96,9.5,8.28,48.92,119,2637,3342,90,1075,40.77
354,P Negi,35,365,301,22,124,108,25,1,27,16,36,3,0,0,121.26,10.43,13.68,7.0,41.2,42,733,954,34,237,32.33
355,P Ray Barman,1,19,25,1,12,11,0,0,2,0,19,0,0,0,76.0,19.0,25.0,12.5,48.0,1,24,56,0,2,8.33
356,P Simran Singh,6,64,67,6,36,18,5,0,6,2,16,0,0,0,95.52,10.67,11.17,8.38,53.73,0,0,0,0,0,0.0
357,PA Patel,136,2848,2442,121,1081,811,127,8,365,49,81,37,13,0,116.63,20.94,20.18,5.9,44.27,0,0,0,0,0,0.0
358,PA Reddy,10,164,167,10,72,65,12,1,15,2,42,1,0,0,98.2,16.4,16.7,9.82,43.11,0,0,0,0,0,0.0
359,PBB Rajapaksa,9,206,137,9,53,46,9,0,16,13,43,4,0,0,150.36,22.89,15.22,4.72,38.69,0,0,0,0,0,0.0
360,PC Valthaty,23,505,432,22,230,101,20,0,61,20,120,5,3,1,116.9,21.96,19.64,5.33,53.24,10,153,207,7,44,28.76
361,PD Collingwood,7,203,159,4,60,66,10,1,9,13,75,3,3,0,127.67,29.0,39.75,7.23,37.74,6,90,101,5,24,26.67
362,PJ Cummins,29,379,260,20,110,73,27,0,24,26,66,4,3,0,145.77,13.07,13.0,5.2,42.31,42,995,1405,45,344,34.57
363,PJ Sangwan,14,26,47,7,27,16,3,0,1,0,6,0,0,0,55.32,1.86,6.71,47.0,57.45,42,905,1267,38,319,35.25
364,PK Garg,17,251,224,16,85,94,20,1,15,9,51,2,1,0,112.05,14.76,14.0,9.33,37.95,0,0,0,0,0,0.0
365,PP Chawla,76,584,543,47,247,189,34,1,54,18,24,0,0,0,107.55,7.68,11.55,7.54,45.49,164,3309,4368,157,1140,34.45
366,PP Ojha,19,16,45,9,30,14,1,0,0,0,3,0,0,0,35.56,0.84,5.0,45.0,66.67,90,1945,2399,89,667,34.29
367,PP Shaw,63,1588,1106,60,434,363,59,3,192,55,99,21,12,0,143.58,25.21,18.43,4.48,39.24,0,0,0,0,0,0.0
368,PR Shah,9,92,97,8,50,28,8,0,9,2,29,0,0,0,94.85,10.22,12.12,8.82,51.55,0,0,0,0,0,0.0
369,PSP Handscomb,1,6,12,1,6,6,0,0,0,0,6,0,0,0,50.0,6.0,12.0,12.0,50.0,0,0,0,0,0,0.0
370,PV Tambe,6,18,39,1,24,14,0,0,1,0,7,0,0,0,46.15,3.0,39.0,39.0,61.54,33,674,866,28,204,30.27
371,PVD Chameera,7,43,32,3,16,7,3,0,3,3,17,0,0,0,134.38,6.14,10.67,5.33,50.0,12,278,393,9,117,42.09
372,PWH de Silva,9,39,50,8,30,13,2,0,4,1,18,0,0,0,78.0,4.33,6.25,10.0,60.0,18,382,499,26,148,38.74
373,Pankaj Singh,5,7,12,2,6,5,1,0,0,0,4,0,0,0,58.33,1.4,6.0,12.0,50.0,17,311,472,11,111,35.69
374,Parvez Rasool,4,17,20,2,7,11,1,0,1,0,10,0,0,0,85.0,4.25,10.0,20.0,35.0,11,200,273,4,60,30.0
375,Q de Kock,92,2764,2110,83,846,754,119,6,277,106,140,37,21,2,131.0,30.04,25.42,5.51,40.09,0,0,0,0,0,0.0
376,R Ashwin,72,647,567,46,215,243,37,0,51,21,50,4,1,0,114.11,8.99,12.33,7.88,37.92,181,4024,4596,157,1377,34.22
377,R Bhatia,47,342,290,29,110,119,23,1,24,13,26,0,0,0,117.93,7.28,10.0,7.84,37.93,91,1661,2059,71,436,26.25
378,R Bishnoi,3,19,17,3,11,3,0,0,1,2,18,0,0,0,111.76,6.33,5.67,5.67,64.71,0,0,0,0,0,0.0
379,R Dhawan,20,190,176,9,82,57,13,1,17,6,25,0,0,0,107.95,9.5,19.56,7.65,46.59,31,632,819,24,182,28.8
380,R Dravid,82,2174,1918,75,819,681,118,1,269,28,75,32,11,0,113.35,26.51,25.57,6.46,42.7,0,0,0,0,0,0.0
381,R McLaren,13,159,178,8,76,78,8,1,14,1,51,2,1,0,89.33,12.23,22.25,11.87,42.7,18,372,558,12,116,31.18
382,R Ninan,1,3,6,1,3,3,0,0,0,0,3,0,0,0,50.0,3.0,6.0,6.0,50.0,2,36,65,3,8,22.22
383,R Parag,37,522,434,28,169,176,27,0,40,22,56,5,2,0,120.28,14.11,15.5,7.0,38.94,19,162,280,4,31,19.14
384,R Powell,12,250,174,10,72,62,8,0,10,22,67,5,1,0,143.68,20.83,17.4,5.44,41.38,1,7,17,0,0,0.0
385,R Rampaul,7,51,52,5,26,15,6,0,3,2,23,0,0,0,98.08,7.29,10.4,10.4,50.0,12,272,308,14,127,46.69
386,R Sanjay Yadav,1,0,2,1,2,0,0,0,0,0,0,0,0,0,0.0,0.0,2.0,2.0,100.0,1,14,23,0,6,42.86
387,R Sathish,24,270,236,16,92,89,24,3,22,6,27,0,0,0,114.41,11.25,14.75,8.43,38.98,14,144,233,3,30,20.83
388,R Sharma,19,66,77,11,48,14,7,0,5,3,14,0,0,0,85.71,3.47,7.0,9.62,62.34,44,935,1100,40,334,35.72
389,R Shepherd,3,58,43,2,21,10,5,0,2,5,26,0,0,0,134.88,19.33,21.5,6.14,48.84,3,57,98,3,23,40.35
390,R Shukla,4,19,23,1,10,11,0,0,2,0,14,0,0,0,82.61,4.75,23.0,11.5,43.48,7,130,217,5,38,29.23
391,R Tewatia,46,738,588,29,233,226,37,0,57,35,53,9,1,0,125.51,16.04,20.28,6.39,39.63,50,852,1102,32,257,30.16
392,R Vinay Kumar,42,310,289,25,118,110,31,0,21,9,26,0,0,0,107.27,7.38,11.56,9.63,40.83,104,2179,3021,105,763,35.02
393,RA Bawa,2,11,14,2,7,5,1,0,1,0,11,0,0,0,78.57,5.5,7.0,14.0,50.0,0,0,0,0,0,0.0
394,RA Jadeja,157,2502,2049,92,734,857,181,5,182,90,62,21,2,0,122.11,15.94,22.27,7.53,35.82,181,3262,4114,132,1037,31.79
395,RA Tripathi,74,1798,1312,63,484,486,94,4,176,68,93,26,10,0,137.04,24.3,20.83,5.38,36.89,1,6,12,0,0,0.0
396,RD Chahar,18,108,102,12,52,28,8,0,10,4,25,0,0,0,105.88,6.0,8.5,7.29,50.98,54,1207,1497,57,426,35.29
397,RD Gaikwad,36,1207,945,31,353,379,53,4,113,43,101,18,11,1,127.72,33.53,30.48,6.06,37.35,0,0,0,0,0,0.0
398,RE Levi,6,83,74,6,41,19,0,0,10,4,50,1,1,0,112.16,13.83,12.33,5.29,55.41,0,0,0,0,0,0.0
399,RE van der Merwe,15,159,144,11,66,53,4,2,11,8,35,2,0,0,110.42,10.6,13.09,7.58,45.83,21,455,515,21,148,32.53
400,RG Sharma,221,5879,4629,192,1778,1835,248,7,519,241,109,84,41,1,127.0,26.6,24.11,6.09,38.41,32,349,462,15,88,25.21
401,RJ Harris,21,117,112,12,46,40,16,1,6,3,17,0,0,0,104.46,5.57,9.33,12.44,41.07,37,865,1085,45,364,42.08
402,RJ Peterson,5,32,32,3,15,12,1,0,3,1,16,0,0,0,100.0,6.4,10.67,8.0,46.88,4,48,70,3,21,43.75
403,RJ Quiney,7,103,105,7,57,30,2,1,12,3,51,1,1,0,98.1,14.71,15.0,7.0,54.29,0,0,0,0,0,0.0
404,RK Bhui,2,7,18,2,13,3,2,0,0,0,7,0,0,0,38.89,3.5,9.0,18.0,72.22,0,0,0,0,0,0.0
405,RK Singh,15,251,204,12,80,79,13,0,23,9,42,4,0,0,123.04,16.73,17.0,6.38,39.22,0,0,0,0,0,0.0
406,RM Patidar,11,404,297,10,107,121,17,1,30,21,112,6,3,1,136.03,36.73,29.7,5.82,36.03,0,0,0,0,0,0.0
407,RN ten Doeschate,21,326,238,14,80,102,15,0,26,15,70,4,1,0,136.97,15.52,17.0,5.8,33.61,10,83,94,2,22,26.51
408,RP Singh,28,52,78,14,41,31,2,1,2,1,10,0,0,0,66.67,1.86,5.57,26.0,52.56,82,1874,2417,90,744,39.7
409,RR Bhatkal,1,0,2,1,2,0,0,0,0,0,0,0,0,0,0.0,0.0,2.0,2.0,100.0,1,12,35,0,0,0.0
410,RR Pant,97,2838,1989,80,709,765,122,2,261,129,128,44,16,1,142.68,29.26,24.86,5.1,35.65,0,0,0,0,0,0.0
411,RR Powar,9,67,64,2,27,23,7,0,6,1,28,0,0,0,104.69,7.44,32.0,9.14,42.19,26,443,538,13,166,37.47
412,RR Raje,5,20,18,1,6,10,0,0,1,1,11,0,0,0,111.11,4.0,18.0,9.0,33.33,10,144,214,6,39,27.08
413,RR Rossouw,5,53,51,5,25,17,3,0,3,3,24,0,0,0,103.92,10.6,10.2,8.5,49.02,0,0,0,0,0,0.0
414,RR Sarwan,4,73,78,3,34,31,6,0,6,1,31,1,0,0,93.59,18.25,26.0,11.14,43.59,0,0,0,0,0,0.0
415,RS Bopara,22,531,468,17,175,204,27,7,39,16,84,6,3,0,113.46,24.14,27.53,8.51,37.39,14,213,301,11,61,28.64
416,RS Gavaskar,1,2,8,1,6,2,0,0,0,0,2,0,0,0,25.0,2.0,8.0,8.0,75.0,1,6,8,0,2,33.33
417,RT Ponting,9,91,129,8,69,47,6,0,5,2,28,0,0,0,70.54,10.11,16.12,18.43,53.49,0,0,0,0,0,0.0
418,RV Gomez,9,50,53,5,27,16,4,0,5,1,26,0,0,0,94.34,5.56,10.6,8.83,50.94,9,97,130,5,37,38.14
419,RV Patel,3,31,32,2,18,8,1,1,3,1,18,0,0,0,96.88,10.33,16.0,8.0,56.25,1,20,22,0,5,25.0
420,RV Uthappa,197,4952,3925,175,1598,1416,230,15,481,182,88,72,27,0,126.17,25.14,22.43,5.92,40.71,0,0,0,0,0,0.0
421,Ramandeep Singh,4,45,42,2,17,16,4,1,3,1,14,0,0,0,107.14,11.25,21.0,10.5,40.48,3,41,55,6,12,29.27
422,Rashid Khan,41,313,214,28,90,64,17,1,20,22,40,3,0,0,146.26,7.63,7.64,5.1,42.06,92,2219,2391,112,849,38.26
423,Rasikh Salam,2,12,10,1,5,1,2,1,1,0,7,0,0,0,120.0,6.0,10.0,10.0,50.0,3,51,70,0,16,31.37
424,Ravi Bishnoi,4,8,18,2,13,4,0,0,1,0,6,0,0,0,44.44,2.0,9.0,18.0,72.22,37,878,1083,37,310,35.31
425,S Anirudha,12,136,121,8,54,44,7,0,9,7,64,1,1,0,112.4,11.33,15.12,7.56,44.63,0,0,0,0,0,0.0
426,S Aravind,10,59,59,3,26,21,5,0,7,0,14,0,0,0,100.0,5.9,19.67,8.43,44.07,38,788,1057,45,290,36.8
427,S Badree,5,13,25,5,14,9,2,0,0,0,8,0,0,0,52.0,2.6,5.0,25.0,56.0,12,263,329,11,109,41.44
428,S Badrinath,65,1441,1245,46,493,484,85,1,154,28,71,23,11,0,115.74,22.17,27.07,6.84,39.6,0,0,0,0,0,0.0
429,S Chanderpaul,3,25,33,3,20,9,0,0,4,0,16,0,0,0,75.76,8.33,11.0,8.25,60.61,0,0,0,0,0,0.0
430,S Dhawan,205,6244,5081,173,1958,1981,279,23,701,137,106,88,49,2,122.89,30.46,29.37,6.06,38.54,6,49,72,4,17,34.69
431,S Dube,33,688,541,27,214,210,33,0,46,38,95,7,3,0,127.17,20.85,20.04,6.44,39.56,13,111,176,4,22,19.82
432,S Gopal,22,180,173,12,71,70,11,0,19,2,24,0,0,0,104.05,8.18,14.42,8.24,41.04,48,958,1291,49,307,32.05
433,S Kaul,9,20,36,3,23,8,4,0,1,0,7,0,0,0,55.56,2.22,12.0,36.0,63.89,55,1238,1772,58,387,31.26
434,S Kaushik,1,0,1,1,1,0,0,0,0,0,0,0,0,0,0.0,0.0,1.0,1.0,100.0,10,210,304,6,68,32.38
435,S Ladda,2,0,10,1,10,0,0,0,0,0,0,0,0,0,0.0,0.0,10.0,10.0,100.0,9,141,225,5,48,34.04
436,S Lamichhane,1,0,1,1,1,0,0,0,0,0,0,0,0,0,0.0,0.0,1.0,1.0,100.0,9,211,297,13,75,35.55
437,S Nadeem,20,39,88,14,58,25,3,0,2,0,6,0,0,0,44.32,1.95,6.29,44.0,65.91,70,1444,1800,48,453,31.37
438,S Narwal,4,37,29,3,12,9,2,0,6,0,23,0,0,0,127.59,9.25,9.67,4.83,41.38,6,113,203,5,37,32.74
439,S Rana,8,91,82,4,33,29,10,0,9,1,19,0,0,0,110.98,11.38,20.5,8.2,40.24,3,16,18,0,5,31.25
440,S Randiv,1,2,4,1,3,0,1,0,0,0,2,0,0,0,50.0,2.0,4.0,4.0,75.0,8,180,223,6,60,33.33
441,S Sohal,20,368,311,18,158,82,17,1,34,18,62,6,2,0,118.33,18.4,17.28,5.98,50.8,0,0,0,0,0,0.0
442,S Sreesanth,12,34,57,3,43,6,2,0,6,0,15,0,0,0,59.65,2.83,19.0,9.5,75.44,44,947,1221,40,399,42.13
443,S Sriram,2,31,38,2,18,15,2,0,3,0,27,0,0,0,81.58,15.5,19.0,12.67,47.37,2,18,49,0,2,11.11
444,S Vidyut,8,145,115,8,55,30,5,1,21,3,54,2,1,0,126.09,18.12,14.38,4.79,47.83,1,13,22,1,5,38.46
445,SA Abbott,3,22,18,2,10,4,1,0,1,2,14,0,0,0,122.22,7.33,9.0,6.0,55.56,3,59,104,1,13,22.03
446,SA Asnodkar,19,423,352,18,164,105,17,0,56,10,60,7,2,0,120.17,22.26,19.56,5.33,46.59,0,0,0,0,0,0.0
447,SA Yadav,108,2644,1972,84,721,768,109,6,284,84,82,38,16,0,134.08,24.48,23.48,5.36,36.56,1,6,8,0,2,33.33
448,SB Bangar,7,49,58,6,28,25,1,0,1,3,17,0,0,0,84.48,7.0,9.67,14.5,48.28,9,153,221,4,55,35.95
449,SB Jakati,5,28,30,1,12,14,1,0,3,0,13,0,0,0,93.33,5.6,30.0,10.0,40.0,57,1101,1474,47,337,30.61
450,SB Joshi,2,6,16,2,10,6,0,0,0,0,3,0,0,0,37.5,3.0,8.0,16.0,62.5,4,55,82,1,18,32.73
451,SB Styris,10,131,134,7,53,63,5,0,10,3,36,1,0,0,97.76,13.1,19.14,10.31,39.55,11,222,278,8,83,37.39
452,SB Wagh,2,2,3,2,2,0,1,0,0,0,2,0,0,0,66.67,1.0,1.5,3.0,66.67,8,108,147,5,45,41.67
453,SC Ganguly,56,1349,1326,52,662,427,54,3,137,42,91,21,7,0,101.73,24.09,25.5,7.41,49.92,20,280,370,10,75,26.79
454,SD Chitnis,8,99,92,7,38,37,5,0,10,2,38,1,0,0,107.61,12.38,13.14,7.67,41.3,2,38,62,2,9,23.68
455,SD Lad,1,15,13,1,8,2,0,1,1,1,15,0,0,0,115.38,15.0,13.0,6.5,61.54,0,0,0,0,0,0.0
456,SE Bond,1,1,2,1,1,1,0,0,0,0,1,0,0,0,50.0,1.0,2.0,2.0,50.0,8,191,225,9,75,39.27
457,SE Marsh,69,2477,1908,61,734,724,99,6,266,78,115,37,21,1,129.82,35.9,31.28,5.55,38.47,0,0,0,0,0,0.0
458,SE Rutherford,9,106,107,7,54,38,4,0,3,8,28,0,0,0,99.07,11.78,15.29,9.73,50.47,6,46,60,1,7,15.22
459,SJ Srivastava,4,5,5,1,1,3,1,0,0,0,3,0,0,0,100.0,1.25,5.0,5.0,20.0,14,306,444,14,103,33.66
460,SK Raina,200,5528,4174,161,1475,1708,270,11,506,203,100,77,40,1,132.44,27.64,25.93,5.89,35.34,69,930,1139,25,280,30.11
461,SK Trivedi,14,42,61,7,37,16,4,0,3,1,9,0,0,0,68.85,3.0,8.71,15.25,60.66,75,1557,1944,65,492,31.6
462,SK Warne,27,198,219,17,105,82,12,0,14,6,34,1,0,0,90.41,7.33,12.88,10.95,47.95,54,1223,1465,57,426,34.83
463,SL Malinga,20,88,103,11,59,32,1,0,6,5,17,0,0,0,85.44,4.4,9.36,9.36,57.28,122,2974,3486,170,1144,38.47
464,SM Curran,23,337,230,15,91,73,18,0,30,18,55,4,2,0,146.52,14.65,15.33,4.79,39.57,31,681,1005,32,217,31.86
465,SM Katich,11,241,191,9,85,56,15,1,26,8,75,3,2,0,126.18,21.91,21.22,5.62,44.5,0,0,0,0,0,0.0
466,SM Pollock,8,147,116,8,47,47,2,0,12,8,33,2,0,0,126.72,18.38,14.5,5.8,40.52,13,280,307,11,130,46.43
467,SMSM Senanayake,4,10,17,1,8,8,1,0,0,0,7,0,0,0,58.82,2.5,17.0,17.0,47.06,8,195,211,9,73,37.44
468,SN Khan,32,532,394,22,132,162,28,0,59,13,67,8,1,0,135.03,16.62,17.91,5.47,33.5,1,2,6,0,0,0.0
469,SN Thakur,23,173,138,14,53,54,10,1,12,8,29,0,0,0,125.36,7.52,9.86,6.9,38.41,74,1650,2371,82,562,34.06
470,SO Hetmyer,43,831,577,26,216,210,43,1,55,52,75,10,3,0,144.02,19.33,22.19,5.39,37.44,0,0,0,0,0,0.0
471,SP Fleming,10,196,171,9,86,42,11,2,27,3,45,3,0,0,114.62,19.6,19.0,5.7,50.29,0,0,0,0,0,0.0
472,SP Goswami,21,293,307,19,144,110,17,1,32,3,52,3,1,0,95.44,13.95,16.16,8.77,46.91,0,0,0,0,0,0.0
473,SP Jackson,8,61,57,6,20,27,4,0,5,1,16,0,0,0,107.02,7.62,9.5,9.5,35.09,0,0,0,0,0,0.0
474,SP Narine,82,1025,664,64,321,141,25,1,112,63,75,10,4,0,154.37,12.5,10.38,3.79,48.34,147,3510,3896,152,1363,38.83
475,SPD Smith,93,2485,1994,70,660,880,162,7,225,60,101,36,12,1,124.62,26.72,28.49,7.0,33.1,1,2,5,0,0,0.0
476,SR Tendulkar,78,2334,2044,67,874,721,117,7,296,29,100,37,14,1,114.19,29.92,30.51,6.29,42.76,4,37,59,0,4,10.81
477,SR Watson,141,3874,2888,123,1247,931,135,8,376,190,117,52,25,4,134.14,27.48,23.48,5.1,43.18,105,2137,2742,92,803,37.58
478,SS Cottrell,1,0,2,1,2,0,0,0,0,0,0,0,0,0,0.0,0.0,2.0,2.0,100.0,6,131,177,6,58,44.27
479,SS Iyer,100,2776,2293,87,872,946,131,7,237,99,96,40,19,0,121.06,27.76,26.36,6.82,38.03,1,6,7,0,4,66.67
480,SS Prabhudessai,5,67,62,5,31,19,1,2,7,2,34,1,0,0,108.06,13.4,12.4,6.89,50.0,0,0,0,0,0,0.0
481,SS Tiwary,73,1494,1291,49,479,554,95,2,111,50,61,20,8,0,115.72,20.47,26.35,8.02,37.1,0,0,0,0,0,0.0
482,ST Jayasuriya,30,768,573,28,292,128,22,7,84,39,114,10,5,1,134.03,25.6,20.46,4.66,50.96,21,301,396,13,83,27.57
483,STR Binny,66,880,700,43,268,263,61,7,66,35,48,10,0,0,125.71,13.33,16.28,6.93,38.29,63,611,763,22,199,32.57
484,SV Samson,133,3526,2663,117,978,1048,186,14,279,158,119,48,20,3,132.41,26.51,22.76,6.09,36.73,0,0,0,0,0,0.0
485,SW Billings,27,503,399,26,152,152,34,1,40,20,56,5,3,0,126.07,18.63,15.35,6.65,38.1,0,0,0,0,0,0.0
486,SW Tait,5,23,26,3,11,13,0,0,1,1,11,0,0,0,88.46,4.6,8.67,13.0,42.31,21,534,668,23,200,37.45
487,Sachin Baby,11,144,123,9,50,44,13,0,11,5,33,1,0,0,117.07,13.09,13.67,7.69,40.65,2,10,8,2,5,50.0
488,Salman Butt,7,193,172,7,86,47,7,0,30,2,73,2,1,0,112.21,27.57,24.57,5.38,50.0,0,0,0,0,0,0.0
489,Sandeep Sharma,23,52,66,5,28,32,2,0,4,0,9,0,0,0,78.79,2.26,13.2,16.5,42.42,104,2399,3046,114,956,39.85
490,Shahbaz Ahmed,19,279,253,14,107,95,20,2,18,11,45,3,0,0,110.28,14.68,18.07,8.72,42.29,22,341,478,13,85,24.93
491,Shahid Afridi,9,81,46,8,20,12,0,0,7,6,33,1,0,0,176.09,9.0,5.75,3.54,43.48,10,185,237,9,57,30.81
492,Shakib Al Hasan,52,793,663,38,239,285,45,0,73,21,66,6,2,0,119.61,15.25,17.45,7.05,36.05,70,1515,1864,63,504,33.27
493,Shashank Singh,5,69,47,4,18,15,5,0,5,4,25,0,0,0,146.81,13.8,11.75,5.22,38.3,2,13,20,0,1,7.69
494,Shivam Mavi,11,51,58,9,32,17,3,0,4,2,20,0,0,0,87.93,4.64,6.44,9.67,55.17,32,687,958,30,254,36.97
495,Shivam Sharma,2,5,3,1,1,1,0,0,1,0,4,0,0,0,166.67,2.5,3.0,3.0,33.33,5,114,165,4,37,32.46
496,Shoaib Ahmed,3,1,6,2,5,1,0,0,0,0,1,0,0,0,16.67,0.33,3.0,6.0,83.33,7,103,154,5,33,32.04
497,Shoaib Akhtar,1,2,8,1,6,2,0,0,0,0,2,0,0,0,25.0,2.0,8.0,8.0,75.0,3,46,54,5,23,50.0
498,Shoaib Malik,5,52,49,4,16,24,4,0,5,0,24,0,0,0,106.12,10.4,12.25,9.8,32.65,5,58,87,2,15,25.86
499,Shubman Gill,70,1900,1555,57,564,650,102,4,188,47,96,28,14,0,122.19,27.14,27.28,6.62,36.27,0,0,0,0,0,0.0
500,Simarjeet Singh,3,7,8,1,3,3,2,0,0,0,3,0,0,0,87.5,2.33,8.0,8.0,37.5,6,113,143,4,55,48.67
501,Sohail Tanvir,5,36,31,3,11,14,2,0,3,1,13,0,0,0,116.13,7.2,10.33,7.75,35.48,11,265,275,22,121,45.66
502,Sunny Gupta,1,0,1,1,1,0,0,0,0,0,0,0,0,0,0.0,0.0,1.0,1.0,100.0,1,19,47,0,0,0.0
503,Sunny Singh,5,43,31,4,12,11,1,0,6,1,20,0,0,0,138.71,8.6,7.75,4.43,38.71,0,0,0,0,0,0.0
504,Swapnil Singh,3,12,20,3,10,8,2,0,0,0,10,0,0,0,60.0,4.0,6.67,20.0,50.0,5,61,90,1,10,16.39
505,T Banton,2,18,22,2,13,6,1,0,1,1,10,0,0,0,81.82,9.0,11.0,11.0,59.09,0,0,0,0,0,0.0
506,T Henderson,2,11,16,1,11,3,1,0,0,1,11,0,0,0,68.75,5.5,16.0,16.0,68.75,2,36,41,1,14,38.89
507,T Kohli,3,11,20,3,14,5,0,0,0,1,7,0,0,0,55.0,3.67,6.67,20.0,70.0,0,0,0,0,0,0.0
508,T Stubbs,2,2,4,1,2,2,0,0,0,0,2,0,0,0,50.0,1.0,4.0,4.0,50.0,0,0,0,0,0,0.0
509,T Taibu,3,31,26,3,9,9,5,0,3,0,15,0,0,0,119.23,10.33,8.67,8.67,34.62,0,0,0,0,0,0.0
510,T Thushara,4,12,19,2,10,6,3,0,0,0,8,0,0,0,63.16,3.0,9.5,19.0,52.63,6,144,164,8,57,39.58
511,TA Boult,14,53,49,5,20,17,8,0,2,2,17,0,0,0,108.16,3.79,9.8,12.25,40.82,78,1856,2507,92,751,40.46
512,TD Paine,2,10,29,2,19,10,0,0,0,0,8,0,0,0,34.48,5.0,14.5,29.0,65.52,0,0,0,0,0,0.0
513,TG Southee,19,120,108,11,47,37,11,0,8,4,36,1,0,0,111.11,6.32,9.82,9.0,43.52,52,1226,1695,45,435,35.48
514,TH David,9,187,94,6,29,31,6,0,12,16,46,3,0,0,198.94,20.78,15.67,3.36,30.85,0,0,0,0,0,0.0
515,TK Curran,10,127,108,5,37,47,11,0,10,3,54,1,1,0,117.59,12.7,21.6,8.31,34.26,13,252,432,13,57,22.62
516,TL Seifert,3,26,26,3,15,5,1,1,4,0,21,0,0,0,100.0,8.67,8.67,6.5,57.69,0,0,0,0,0,0.0
517,TL Suman,39,676,587,30,255,205,43,3,55,26,78,6,2,0,115.16,17.33,19.57,7.25,43.44,11,152,198,6,43,28.29
518,TM Dilshan,50,1153,1047,40,492,335,54,2,140,24,76,17,9,0,110.12,23.06,26.18,6.38,46.99,25,275,368,5,79,28.73
519,TM Head,10,205,151,6,43,67,21,0,12,8,75,4,1,0,135.76,20.5,25.17,7.55,28.48,5,48,81,2,7,14.58
520,TM Srivastava,3,8,11,1,5,5,0,1,0,0,7,0,0,0,72.73,2.67,11.0,11.0,45.45,0,0,0,0,0,0.0
521,TR Birt,5,75,59,5,27,15,6,0,9,2,27,0,0,0,127.12,15.0,11.8,5.36,45.76,0,0,0,0,0,0.0
522,TS Mills,5,8,14,4,11,2,0,0,0,1,6,0,0,0,57.14,1.6,3.5,14.0,78.57,10,218,349,11,69,31.65
523,TU Deshpande,2,21,12,1,3,5,1,0,2,1,20,0,0,0,175.0,10.5,12.0,4.0,25.0,7,153,260,4,45,29.41
524,Tilak Varma,14,397,313,10,104,144,19,1,29,16,61,7,2,0,126.84,28.36,31.3,6.96,33.23,2,12,13,0,5,41.67
525,UA Birla,1,7,15,1,11,3,0,0,1,0,7,0,0,0,46.67,7.0,15.0,15.0,73.33,0,0,0,0,0,0.0
526,UBT Chand,20,300,314,20,170,88,15,0,32,9,58,3,1,0,95.54,15.0,15.7,7.66,54.14,0,0,0,0,0,0.0
527,UT Khawaja,6,127,105,5,43,38,6,1,14,3,30,2,0,0,120.95,21.17,21.0,6.18,40.95,0,0,0,0,0,0.0
528,UT Yadav,41,177,176,17,90,57,6,0,15,8,24,0,0,0,100.57,4.32,10.35,7.65,51.14,132,2939,4026,135,1089,37.05
529,Umar Gul,4,39,19,3,8,5,0,0,1,5,24,0,0,0,205.26,9.75,6.33,3.17,42.11,6,153,198,12,51,33.33
530,Umran Malik,4,4,8,1,5,2,1,0,0,0,3,0,0,0,50.0,1.0,8.0,8.0,62.5,17,388,551,24,162,41.75
531,V Kohli,215,6624,5262,181,1886,2181,378,19,579,219,113,96,49,5,125.88,30.81,29.07,6.59,35.84,26,264,371,4,52,19.7
532,V Pratap Singh,1,0,1,1,1,0,0,0,0,0,0,0,0,0,0.0,0.0,1.0,1.0,100.0,9,211,300,10,71,33.65
533,V Sehwag,104,2728,1833,95,737,558,96,2,334,106,122,35,18,2,148.83,26.23,19.29,4.17,40.21,15,138,236,6,44,31.88
534,V Shankar,41,731,616,30,217,272,52,1,46,28,63,7,3,0,118.67,17.83,20.53,8.32,35.23,22,258,344,9,80,31.01
535,VG Arora,4,5,14,2,9,5,0,0,0,0,2,0,0,0,35.71,1.25,7.0,14.0,64.29,5,110,165,3,38,34.55
536,VH Zol,2,29,26,2,13,7,2,0,3,1,16,0,0,0,111.54,14.5,13.0,6.5,50.0,0,0,0,0,0,0.0
537,VR Aaron,12,50,73,4,43,22,4,0,2,2,17,0,0,0,68.49,4.17,18.25,18.25,58.9,50,1065,1527,44,387,36.34
538,VR Iyer,22,552,474,20,215,158,26,0,54,21,67,8,5,0,116.46,25.09,23.7,6.32,45.36,8,78,117,3,15,19.23
539,VRV Singh,2,4,3,1,2,0,0,0,1,0,4,0,0,0,133.33,2.0,3.0,3.0,66.67,18,371,549,12,114,30.73
540,VS Malik,2,7,7,1,3,3,0,0,1,0,6,0,0,0,100.0,3.5,7.0,7.0,42.86,13,212,268,6,84,39.62
541,VS Yeligati,1,2,2,1,1,0,1,0,0,0,2,0,0,0,100.0,2.0,2.0,2.0,50.0,2,32,61,0,6,18.75
542,VVS Laxman,20,282,271,16,123,100,10,0,33,5,52,4,1,0,104.06,14.1,16.94,7.13,45.39,0,0,0,0,0,0.0
543,VY Mahesh,5,15,28,2,15,11,2,0,0,0,6,0,0,0,53.57,3.0,14.0,28.0,53.57,17,359,511,21,120,33.43
544,Virat Singh,2,15,26,2,14,11,0,0,1,0,11,0,0,0,57.69,7.5,13.0,26.0,53.85,0,0,0,0,0,0.0
545,Vishnu Vinod,3,19,26,3,15,9,0,0,1,1,9,0,0,0,73.08,6.33,8.67,13.0,57.69,0,0,0,0,0,0.0
546,W Jaffer,8,130,129,7,64,41,6,1,14,3,50,2,1,0,100.78,16.25,18.43,7.59,49.61,0,0,0,0,0,0.0
547,WA Mota,8,56,76,5,30,40,4,0,2,0,25,0,0,0,73.68,7.0,15.2,38.0,39.47,7,75,98,4,24,32.0
548,WD Parnell,12,63,80,9,39,31,5,0,4,1,16,0,0,0,78.75,5.25,8.89,16.0,48.75,26,601,731,26,241,40.1
549,WP Saha,117,2427,1951,93,752,742,145,5,231,76,115,27,12,1,124.4,20.74,20.98,6.36,38.54,0,0,0,0,0,0.0
550,WPUJC Vaas,11,81,73,7,24,33,11,0,2,3,20,0,0,0,110.96,7.36,10.43,14.6,32.88,13,288,364,18,128,44.44
551,Washington Sundar,32,318,278,22,112,105,23,3,26,9,40,3,0,0,114.39,9.94,12.64,7.94,40.29,49,928,1116,33,318,34.27
552,X Thalaivan Sargunam,1,10,17,1,9,6,2,0,0,0,10,0,0,0,58.82,10.0,17.0,17.0,52.94,0,0,0,0,0,0.0
553,Y Gnaneswara Rao,1,19,18,1,9,5,1,0,3,0,19,0,0,0,105.56,19.0,18.0,6.0,50.0,1,6,7,0,3,50.0
554,Y Nagar,20,285,271,14,113,109,18,2,20,9,44,1,0,0,105.17,14.25,19.36,9.34,41.7,8,72,125,4,16,22.22
555,Y Venugopal Rao,52,985,865,42,355,341,53,1,77,37,71,11,3,0,113.87,18.94,20.6,7.59,41.04,20,222,338,6,59,26.58
556,YBK Jaiswal,23,547,410,23,177,133,14,2,62,22,68,9,3,0,133.41,23.78,17.83,4.88,43.17,1,1,6,0,0,0.0
557,YK Pathan,153,3204,2330,105,872,877,155,5,262,159,100,38,14,1,137.51,20.94,22.19,5.53,37.42,82,1184,1443,42,393,33.19
558,YS Chahal,17,37,89,6,57,28,3,1,0,0,8,0,0,0,41.57,2.18,14.83,89.0,64.04,130,2940,3699,166,1001,34.05
559,YV Takawale,10,192,183,8,100,41,12,0,26,3,45,2,0,0,104.92,19.2,22.88,6.31,54.64,0,0,0,0,0,0.0
560,Yash Dayal,1,0,1,1,1,0,0,0,0,0,0,0,0,0,0.0,0.0,1.0,1.0,100.0,9,205,296,11,76,37.07
561,Yashpal Singh,4,47,67,4,39,20,2,1,5,0,20,0,0,0,70.15,11.75,16.75,13.4,58.21,0,0,0,0,0,0.0
562,Younis Khan,1,3,7,1,4,3,0,0,0,0,3,0,0,0,42.86,3.0,7.0,7.0,57.14,0,0,0,0,0,0.0
563,Yuvraj Singh,126,2750,2205,107,976,741,119,3,217,149,83,36,13,0,124.72,21.83,20.61,6.02,44.26,73,882,1091,36,258,29.25
564,Z Khan,27,117,141,14,74,47,7,0,11,2,23,0,0,0,82.98,4.33,10.07,10.85,52.48,99,2276,2860,102,873,38.36
565,A Chandila,0,0,0,0,0,0,0,0,0,0,0,0,0,0,0.0,0.0,0.0,0.0,0.0,12,234,245,11,103,44.02
566,A Dananjaya,0,0,0,0,0,0,0,0,0,0,0,0,0,0,0.0,0.0,0.0,0.0,0.0,1,25,47,0,6,24.0
567,A Nel,0,0,0,0,0,0,0,0,0,0,0,0,0,0,0.0,0.0,0.0,0.0,0.0,1,18,31,1,7,38.89
568,AA Kazi,0,0,0,0,0,0,0,0,0,0,0,0,0,0,0.0,0.0,0.0,0.0,0.0,1,13,21,0,2,15.38
569,AM Salvi,0,0,0,0,0,0,0,0,0,0,0,0,0,0,0.0,0.0,0.0,0.0,0.0,7,156,205,7,57,36.54
570,AU Rashid,0,0,0,0,0,0,0,0,0,0,0,0,0,0,0.0,0.0,0.0,0.0,0.0,1,18,35,0,6,33.33
571,Abdur Razzak,0,0,0,0,0,0,0,0,0,0,0,0,0,0,0.0,0.0,0.0,0.0,0.0,1,14,29,0,5,35.71
572,Akash Singh,0,0,0,0,0,0,0,0,0,0,0,0,0,0,0.0,0.0,0.0,0.0,0.0,1,24,39,0,7,29.17
573,Anand Rajan,0,0,0,0,0,0,0,0,0,0,0,0,0,0,0.0,0.0,0.0,0.0,0.0,8,162,206,8,57,35.19
574,B Geeves,0,0,0,0,0,0,0,0,0,0,0,0,0,0,0.0,0.0,0.0,0.0,0.0,2,49,91,1,15,30.61
575,B Stanlake,0,0,0,0,0,0,0,0,0,0,0,0,0,0,0.0,0.0,0.0,0.0,0.0,6,150,200,7,64,42.67
576,BA Bhatt,0,0,0,0,0,0,0,0,0,0,0,0,0,0,0.0,0.0,0.0,0.0,0.0,15,303,408,12,93,30.69
577,BW Hilfenhaus,0,0,0,0,0,0,0,0,0,0,0,0,0,0,0.0,0.0,0.0,0.0,0.0,17,390,497,22,173,44.36
578,C Ganapathy,0,0,0,0,0,0,0,0,0,0,0,0,0,0,0.0,0.0,0.0,0.0,0.0,1,6,13,0,1,16.67
579,CJ Dala,0,0,0,0,0,0,0,0,0,0,0,0,0,0,0.0,0.0,0.0,0.0,0.0,1,19,34,0,7,36.84
580,CJ Green,0,0,0,0,0,0,0,0,0,0,0,0,0,0,0.0,0.0,0.0,0.0,0.0,1,17,24,0,6,35.29
581,CRD Fernando,0,0,0,0,0,0,0,0,0,0,0,0,0,0,0.0,0.0,0.0,0.0,0.0,10,249,306,17,99,39.76
582,DAJ Bracewell,0,0,0,0,0,0,0,0,0,0,0,0,0,0,0.0,0.0,0.0,0.0,0.0,1,25,32,3,10,40.0
583,DG Nalkande,0,0,0,0,0,0,0,0,0,0,0,0,0,0,0.0,0.0,0.0,0.0,0.0,2,33,59,2,8,24.24
584,DP Vijaykumar,0,0,0,0,0,0,0,0,0,0,0,0,0,0,0.0,0.0,0.0,0.0,0.0,9,159,205,4,63,39.62
585,Fazalhaq Farooqi,0,0,0,0,0,0,0,0,0,0,0,0,0,0,0.0,0.0,0.0,0.0,0.0,3,76,110,2,24,31.58
586,GS Sandhu,0,0,0,0,0,0,0,0,0,0,0,0,0,0,0.0,0.0,0.0,0.0,0.0,2,48,86,1,9,18.75
587,Gagandeep Singh,0,0,0,0,0,0,0,0,0,0,0,0,0,0,0.0,0.0,0.0,0.0,0.0,4,84,142,3,25,29.76
588,HF Gurney,0,0,0,0,0,0,0,0,0,0,0,0,0,0,0.0,0.0,0.0,0.0,0.0,8,169,239,7,50,29.59
589,Harmeet Singh (2),0,0,0,0,0,0,0,0,0,0,0,0,0,0,0.0,0.0,0.0,0.0,0.0,1,25,34,1,12,48.0
590,I Malhotra,0,0,0,0,0,0,0,0,0,0,0,0,0,0,0.0,0.0,0.0,0.0,0.0,1,6,23,0,0,0.0
591,IC Porel,0,0,0,0,0,0,0,0,0,0,0,0,0,0,0.0,0.0,0.0,0.0,0.0,1,26,42,1,7,26.92
592,JE Taylor,0,0,0,0,0,0,0,0,0,0,0,0,0,0,0.0,0.0,0.0,0.0,0.0,5,122,167,6,48,39.34
593,JP Behrendorff,0,0,0,0,0,0,0,0,0,0,0,0,0,0,0.0,0.0,0.0,0.0,0.0,5,117,168,5,51,43.59
594,JR Hazlewood,0,0,0,0,0,0,0,0,0,0,0,0,0,0,0.0,0.0,0.0,0.0,0.0,24,565,754,32,230,40.71
595,JW Hastings,0,0,0,0,0,0,0,0,0,0,0,0,0,0,0.0,0.0,0.0,0.0,0.0,3,61,66,3,31,50.82
596,Jalaj S Saxena,0,0,0,0,0,0,0,0,0,0,0,0,0,0,0.0,0.0,0.0,0.0,0.0,1,18,27,0,5,27.78
597,K Khejroliya,0,0,0,0,0,0,0,0,0,0,0,0,0,0,0.0,0.0,0.0,0.0,0.0,5,101,157,3,25,24.75
598,K Santokie,0,0,0,0,0,0,0,0,0,0,0,0,0,0,0.0,0.0,0.0,0.0,0.0,2,51,91,3,15,29.41
599,K Upadhyay,0,0,0,0,0,0,0,0,0,0,0,0,0,0,0.0,0.0,0.0,0.0,0.0,3,56,81,0,20,35.71
600,K Yadav,0,0,0,0,0,0,0,0,0,0,0,0,0,0,0.0,0.0,0.0,0.0,0.0,1,12,17,0,4,33.33
601,KM Asif,0,0,0,0,0,0,0,0,0,0,0,0,0,0,0.0,0.0,0.0,0.0,0.0,3,52,93,4,18,34.62
602,KMDN Kulasekara,0,0,0,0,0,0,0,0,0,0,0,0,0,0,0.0,0.0,0.0,0.0,0.0,5,107,122,5,45,42.06
603,KR Sen,0,0,0,0,0,0,0,0,0,0,0,0,0,0,0.0,0.0,0.0,0.0,0.0,7,157,240,8,56,35.67
604,L Ablish,0,0,0,0,0,0,0,0,0,0,0,0,0,0,0.0,0.0,0.0,0.0,0.0,3,45,76,3,10,22.22
605,L Ngidi,0,0,0,0,0,0,0,0,0,0,0,0,0,0,0.0,0.0,0.0,0.0,0.0,14,342,460,25,131,38.3
606,LI Meriwala,0,0,0,0,0,0,0,0,0,0,0,0,0,0,0.0,0.0,0.0,0.0,0.0,1,19,32,1,6,31.58
607,M Pathirana,0,0,0,0,0,0,0,0,0,0,0,0,0,0,0.0,0.0,0.0,0.0,0.0,2,48,56,2,16,33.33
608,MB Parmar,0,0,0,0,0,0,0,0,0,0,0,0,0,0,0.0,0.0,0.0,0.0,0.0,1,19,33,0,4,21.05
609,MG Neser,0,0,0,0,0,0,0,0,0,0,0,0,0,0,0.0,0.0,0.0,0.0,0.0,1,25,62,0,5,20.0
610,MJ Henry,0,0,0,0,0,0,0,0,0,0,0,0,0,0,0.0,0.0,0.0,0.0,0.0,2,31,71,1,7,22.58
611,Mashrafe Mortaza,0,0,0,0,0,0,0,0,0,0,0,0,0,0,0.0,0.0,0.0,0.0,0.0,1,28,59,0,6,21.43
612,Monu Kumar,0,0,0,0,0,0,0,0,0,0,0,0,0,0,0.0,0.0,0.0,0.0,0.0,1,16,20,0,4,25.0
613,Mukesh Choudhary,0,0,0,0,0,0,0,0,0,0,0,0,0,0,0.0,0.0,0.0,0.0,0.0,13,291,425,16,118,40.55
614,NB Singh,0,0,0,0,0,0,0,0,0,0,0,0,0,0,0.0,0.0,0.0,0.0,0.0,2,25,18,1,13,52.0
615,NJ Rimmington,0,0,0,0,0,0,0,0,0,0,0,0,0,0,0.0,0.0,0.0,0.0,0.0,1,18,20,0,9,50.0
616,O Thomas,0,0,0,0,0,0,0,0,0,0,0,0,0,0,0.0,0.0,0.0,0.0,0.0,4,63,85,5,17,26.98
617,OC McCoy,0,0,0,0,0,0,0,0,0,0,0,0,0,0,0.0,0.0,0.0,0.0,0.0,7,173,242,11,47,27.17
618,P Amarnath,0,0,0,0,0,0,0,0,0,0,0,0,0,0,0.0,0.0,0.0,0.0,0.0,6,132,241,7,29,21.97
619,P Dubey,0,0,0,0,0,0,0,0,0,0,0,0,0,0,0.0,0.0,0.0,0.0,0.0,3,48,72,0,12,25.0
620,P Parameswaran,0,0,0,0,0,0,0,0,0,0,0,0,0,0,0.0,0.0,0.0,0.0,0.0,8,159,226,9,64,40.25
621,P Prasanth,0,0,0,0,0,0,0,0,0,0,0,0,0,0,0.0,0.0,0.0,0.0,0.0,1,6,18,0,3,50.0
622,P Sahu,0,0,0,0,0,0,0,0,0,0,0,0,0,0,0.0,0.0,0.0,0.0,0.0,5,107,152,3,24,22.43
623,P Suyal,0,0,0,0,0,0,0,0,0,0,0,0,0,0,0.0,0.0,0.0,0.0,0.0,5,107,154,2,36,33.64
624,PH Solanki,0,0,0,0,0,0,0,0,0,0,0,0,0,0,0.0,0.0,0.0,0.0,0.0,2,36,39,2,11,30.56
625,PM Sarvesh Kumar,0,0,0,0,0,0,0,0,0,0,0,0,0,0,0.0,0.0,0.0,0.0,0.0,2,31,42,1,11,35.48
626,R Sai Kishore,0,0,0,0,0,0,0,0,0,0,0,0,0,0,0.0,0.0,0.0,0.0,0.0,5,98,122,6,26,26.53
627,RA Shaikh,0,0,0,0,0,0,0,0,0,0,0,0,0,0,0.0,0.0,0.0,0.0,0.0,1,6,11,0,1,16.67
628,RG More,0,0,0,0,0,0,0,0,0,0,0,0,0,0,0.0,0.0,0.0,0.0,0.0,2,37,63,1,4,10.81
629,RP Meredith,0,0,0,0,0,0,0,0,0,0,0,0,0,0,0.0,0.0,0.0,0.0,0.0,13,289,412,12,107,37.02
630,RR Bose,0,0,0,0,0,0,0,0,0,0,0,0,0,0,0.0,0.0,0.0,0.0,0.0,1,12,24,0,5,41.67
631,RW Price,0,0,0,0,0,0,0,0,0,0,0,0,0,0,0.0,0.0,0.0,0.0,0.0,1,18,33,0,1,5.56
632,S Midhun,0,0,0,0,0,0,0,0,0,0,0,0,0,0,0.0,0.0,0.0,0.0,0.0,1,13,29,0,3,23.08
633,S Sandeep Warrier,0,0,0,0,0,0,0,0,0,0,0,0,0,0,0.0,0.0,0.0,0.0,0.0,5,106,135,2,43,40.57
634,S Tyagi,0,0,0,0,0,0,0,0,0,0,0,0,0,0,0.0,0.0,0.0,0.0,0.0,14,220,304,6,93,42.27
635,SC Kuggeleijn,0,0,0,0,0,0,0,0,0,0,0,0,0,0,0.0,0.0,0.0,0.0,0.0,2,50,71,2,17,34.0
636,SM Boland,0,0,0,0,0,0,0,0,0,0,0,0,0,0,0.0,0.0,0.0,0.0,0.0,2,43,56,2,14,32.56
637,SM Harwood,0,0,0,0,0,0,0,0,0,0,0,0,0,0,0.0,0.0,0.0,0.0,0.0,3,67,74,3,33,49.25
638,SS Agarwal,0,0,0,0,0,0,0,0,0,0,0,0,0,0,0.0,0.0,0.0,0.0,0.0,1,24,42,1,7,29.17
639,SS Mundhe,0,0,0,0,0,0,0,0,0,0,0,0,0,0,0.0,0.0,0.0,0.0,0.0,1,7,6,1,4,57.14
640,SS Sarkar,0,0,0,0,0,0,0,0,0,0,0,0,0,0,0.0,0.0,0.0,0.0,0.0,2,25,34,1,4,16.0
641,T Natarajan,0,0,0,0,0,0,0,0,0,0,0,0,0,0,0.0,0.0,0.0,0.0,0.0,35,793,1116,38,238,30.01
642,T Shamsi,0,0,0,0,0,0,0,0,0,0,0,0,0,0,0.0,0.0,0.0,0.0,0.0,5,120,185,3,28,23.33
643,TP Sudhindra,0,0,0,0,0,0,0,0,0,0,0,0,0,0,0.0,0.0,0.0,0.0,0.0,3,74,137,1,18,24.32
644,Tejas Baroka,0,0,0,0,0,0,0,0,0,0,0,0,0,0,0.0,0.0,0.0,0.0,0.0,1,21,33,0,6,28.57
645,Y Prithvi Raj,0,0,0,0,0,0,0,0,0,0,0,0,0,0,0.0,0.0,0.0,0.0,0.0,2,33,57,1,8,24.24
646,YA Abdulla,0,0,0,0,0,0,0,0,0,0,0,0,0,0,0.0,0.0,0.0,0.0,0.0,11,222,311,15,88,39.64
